LastName,NumPeopleRace,RankRace,PercentRace,RankAll,NumPeopleAll
SMITH,"1,742,947",1,73.30%,1,"2,376,206"
JOHNSON,"1,143,082",2,61.60%,2,"1,857,160"
MILLER,"967,768",3,85.80%,6,"1,127,803"
BROWN,"837,886",4,60.70%,4,"1,380,145"
JONES,"786,173",5,57.70%,5,"1,362,755"
WILLIAMS,"744,317",6,48.50%,3,"1,534,042"
DAVIS,"694,122",7,64.70%,7,"1,072,335"
ANDERSON,"591,618",8,77.60%,12,"762,394"
WILSON,"545,943",9,69.70%,10,"783,051"
MARTIN,"521,149",10,77.50%,17,"672,711"
TAYLOR,"488,411",11,67.80%,13,"720,370"
MOORE,"481,035",12,68.90%,16,"698,671"
THOMPSON,"467,038",13,72.50%,19,"644,368"
WHITE,"434,295",14,67.90%,20,"639,515"
CLARK,"421,367",15,76.80%,25,"548,369"
THOMAS,"394,649",16,55.50%,14,"710,696"
HALL,"355,697",17,75.10%,30,"473,568"
BAKER,"339,279",18,82.10%,38,"413,351"
NELSON,"330,984",19,80.30%,40,"412,236"
ALLEN,"325,470",20,70.20%,32,"463,368"
YOUNG,"321,085",21,68.90%,31,"465,948"
HARRIS,"319,800",22,53.90%,24,"593,542"
KING,"319,582",23,72.80%,35,"438,986"
ADAMS,"314,648",24,76.20%,39,"413,086"
LEWIS,"310,904",25,61.00%,26,"509,930"
WALKER,"307,051",26,61.30%,28,"501,307"
WRIGHT,"300,771",27,68.30%,34,"440,367"
ROBERTS,"291,361",28,79.60%,45,"366,215"
CAMPBELL,"284,432",29,76.50%,43,"371,953"
JACKSON,"279,306",30,41.90%,18,"666,125"
PHILLIPS,"277,784",31,79.00%,47,"351,848"
HILL,"275,186",32,66.80%,41,"411,770"
SCOTT,"262,977",33,62.60%,36,"420,091"
ROBINSON,"258,255",34,51.30%,27,"503,028"
MURPHY,"255,576",35,85.00%,58,"300,501"
COOK,"246,213",36,83.50%,60,"294,795"
GREEN,"245,316",37,59.30%,37,"413,477"
LEE,"242,889",38,40.10%,22,"605,860"
EVANS,"241,790",39,70.60%,48,"342,237"
PETERSON,"237,333",40,86.30%,63,"275,041"
MORRIS,"236,684",41,75.90%,56,"311,754"
COLLINS,"234,953",42,73.90%,52,"317,848"
MITCHELL,"233,504",43,63.60%,44,"367,433"
PARKER,"231,803",44,71.50%,51,"324,246"
ROGERS,"229,046",45,77.80%,61,"294,403"
STEWART,"224,599",46,71.80%,54,"312,899"
TURNER,"223,787",47,66.70%,49,"335,663"
WOOD,"222,717",48,90.10%,75,"247,299"
CARTER,"219,378",49,60.50%,46,"362,548"
MORGAN,"216,891",50,78.50%,62,"276,400"
COX,"214,386",51,84.50%,72,"253,771"
KELLY,"209,324",52,80.40%,69,"260,385"
EDWARDS,"206,603",53,65.20%,53,"317,070"
BAILEY,"198,825",54,74.80%,66,"265,916"
WARD,"197,681",55,77.80%,71,"254,121"
REED,"196,597",56,73.50%,65,"267,443"
MYERS,"194,675",57,86.60%,85,"224,824"
SULLIVAN,"192,890",58,89.50%,92,"215,640"
COOPER,"190,040",59,70.40%,64,"270,097"
BENNETT,"188,853",60,79.00%,78,"239,055"
HUGHES,"184,888",61,80.60%,83,"229,390"
LONG,"184,047",62,82.30%,86,"223,494"
FISHER,"177,875",63,84.60%,100,"210,279"
PRICE,"174,106",64,76.10%,84,"228,756"
RUSSELL,"171,161",65,79.50%,93,"215,432"
HOWARD,"170,269",66,66.80%,70,"254,779"
GRAY,"168,374",67,71.10%,79,"236,713"
BELL,"168,303",68,63.60%,67,"264,752"
WATSON,"166,260",69,68.60%,76,"242,432"
REYNOLDS,"162,894",70,83.30%,106,"195,598"
FOSTER,"159,149",71,72.00%,87,"221,040"
ROSS,"157,184",72,71.50%,89,"219,961"
OLSON,"157,011",73,96.00%,136,"163,502"
RICHARDSON,"155,334",74,62.20%,74,"249,533"
SNYDER,"151,984",75,95.40%,144,"159,363"
POWELL,"151,500",76,70.00%,91,"216,553"
STEVENS,"151,302",77,83.40%,122,"181,417"
BROOKS,"150,999",78,62.70%,77,"240,751"
PERRY,"150,361",79,70.70%,97,"212,644"
WEST,"146,418",80,77.70%,115,"188,464"
COLE,"145,709",81,77.60%,116,"187,793"
WAGNER,"145,199",82,94.00%,152,"154,516"
MEYER,"143,782",83,96.10%,163,"149,664"
KENNEDY,"142,406",84,83.00%,130,"171,636"
BARNES,"141,932",85,67.40%,99,"210,426"
HAMILTON,"141,454",86,72.80%,107,"194,331"
GRAHAM,"141,364",87,72.80%,108,"194,074"
SCHMIDT,"140,441",88,96.50%,171,"145,565"
SANDERS,"140,140",89,63.40%,88,"220,902"
MCDONALD,"139,449",90,79.20%,127,"176,094"
PATTERSON,"139,169",91,70.10%,104,"198,557"
MURRAY,"138,431",92,77.60%,123,"178,414"
GIBSON,"137,522",93,74.60%,119,"184,420"
WALLACE,"136,889",94,71.80%,113,"190,760"
BUTLER,"136,544",95,64.70%,98,"210,879"
HAYES,"134,306",96,71.60%,117,"187,473"
BURNS,"133,257",97,82.20%,141,"162,153"
ELLIS,"132,484",98,72.80%,121,"181,934"
FOX,"132,356",99,89.80%,167,"147,357"
STONE,"130,927",100,87.40%,162,"149,802"
HENDERSON,"130,636",101,62.20%,101,"210,094"
WELLS,"130,212",102,76.30%,131,"170,635"
RYAN,"130,041",103,93.30%,177,"139,335"
JENKINS,"128,499",104,60.10%,95,"213,737"
HANSEN,"127,655",105,95.60%,193,"133,474"
WEBB,"127,090",106,77.70%,137,"163,481"
JAMES,"126,990",107,54.40%,80,"233,224"
JORDAN,"126,807",108,64.30%,105,"197,212"
GRIFFIN,"126,697",109,66.50%,114,"190,636"
HOFFMAN,"126,610",110,95.50%,195,"132,645"
HARRISON,"124,660",111,71.00%,128,"175,577"
ROSE,"123,754",112,84.20%,168,"146,924"
SIMMONS,"122,099",113,60.50%,103,"201,650"
MARSHALL,"122,082",114,68.90%,125,"177,213"
JOHNSTON,"120,077",115,93.10%,207,"128,935"
OWENS,"120,066",116,68.10%,126,"176,334"
NICHOLS,"119,638",117,84.30%,174,"141,936"
WEAVER,"118,975",118,85.70%,179,"138,811"
KELLEY,"118,036",119,85.80%,184,"137,555"
MILLS,"117,883",120,79.70%,165,"147,909"
ALEXANDER,"117,826",121,60.90%,111,"193,443"
TUCKER,"117,410",122,72.10%,139,"162,933"
PALMER,"117,122",123,77.90%,158,"150,407"
RICE,"116,639",124,79.60%,169,"146,440"
LARSON,"116,379",125,96.10%,224,"121,064"
SIMPSON,"115,975",126,73.30%,145,"158,241"
SHAW,"115,867",127,74.70%,150,"155,172"
CARLSON,"115,583",128,96.20%,225,"120,124"
HUNT,"115,555",129,76.00%,157,"151,986"
BLACK,"115,118",130,76.70%,160,"150,186"
FORD,"114,674",131,64.30%,124,"178,397"
PETERS,"114,311",132,85.20%,190,"134,231"
ARNOLD,"113,619",133,83.40%,187,"136,315"
ROBERTSON,"113,250",134,75.30%,159,"150,299"
PIERCE,"112,927",135,82.70%,186,"136,517"
DUNN,"112,782",136,82.30%,185,"136,955"
CRAWFORD,"112,756",137,71.30%,146,"158,121"
BRYANT,"112,039",138,61.00%,120,"183,761"
CARPENTER,"111,913",139,88.10%,211,"127,073"
PORTER,"111,660",140,71.20%,148,"156,848"
CARROLL,"111,433",141,85.10%,201,"131,020"
ELLIOTT,"111,092",142,83.90%,197,"132,457"
FREEMAN,"110,561",143,68.00%,140,"162,686"
MASON,"110,378",144,71.00%,149,"155,484"
FERGUSON,"110,305",145,77.50%,173,"142,256"
OBRIEN,"109,973",146,95.30%,234,"115,385"
HART,"109,563",147,82.70%,196,"132,466"
COLEMAN,"108,568",148,52.00%,102,"208,624"
WARREN,"107,232",149,72.50%,166,"147,906"
JENSEN,"107,210",150,95.40%,244,"112,332"
GARDNER,"107,087",151,77.20%,182,"138,660"
HICKS,"106,703",152,69.50%,155,"153,618"
STEPHENS,"106,193",153,76.50%,181,"138,742"
HENRY,"105,002",154,65.10%,142,"161,392"
GORDON,"104,968",155,67.80%,151,"154,934"
BURKE,"104,564",156,87.70%,229,"119,175"
WEBER,"103,098",157,95.60%,252,"107,866"
DUNCAN,"102,875",158,78.90%,203,"130,419"
RICHARDS,"102,709",159,81.70%,215,"125,653"
WOODS,"102,436",160,60.70%,133,"168,814"
HANSON,"102,392",161,93.90%,251,"109,079"
LANE,"102,158",162,79.40%,209,"128,727"
PAYNE,"101,713",163,73.70%,183,"138,028"
CHAPMAN,"101,648",164,81.60%,218,"124,614"
SCHULTZ,"101,015",165,96.20%,261,"104,962"
WHEELER,"100,742",166,82.80%,223,"121,684"
RAY,"99,931",167,77.60%,208,"128,794"
CUNNINGHAM,"99,661",168,75.60%,198,"131,896"
WALSH,"98,984",169,95.90%,265,"103,216"
KNIGHT,"98,618",170,74.80%,199,"131,860"
BISHOP,"98,503",171,86.40%,238,"114,034"
BOYD,"98,116",172,65.60%,164,"149,476"
ARMSTRONG,"97,435",173,75.00%,204,"129,982"
SCHNEIDER,"97,205",174,96.70%,272,"100,553"
HUNTER,"97,155",175,62.90%,153,"154,410"
SPENCER,"96,409",176,71.70%,189,"134,443"
LYNCH,"96,388",177,84.20%,237,"114,448"
MORRISON,"96,333",178,81.70%,231,"117,939"
RILEY,"96,072",179,75.10%,210,"127,960"
ANDREWS,"95,994",180,74.20%,206,"129,320"
BERRY,"94,815",181,73.30%,205,"129,405"
BRADLEY,"93,491",182,71.20%,200,"131,289"
PERKINS,"90,795",183,71.50%,212,"126,951"
HUDSON,"90,705",184,69.40%,202,"130,793"
WELCH,"90,568",185,85.60%,259,"105,804"
GILBERT,"90,273",186,80.30%,243,"112,406"
LAWRENCE,"89,424",187,71.90%,219,"124,321"
HOWELL,"89,143",188,81.30%,249,"109,634"
WALTERS,"88,962",189,85.30%,262,"104,281"
HOLMES,"88,928",190,59.20%,161,"150,166"
WILLIAMSON,"88,898",191,79.20%,245,"112,216"
JACOBS,"88,561",192,76.60%,233,"115,540"
DAVIDSON,"88,013",193,86.30%,269,"102,044"
LAWSON,"87,887",194,76.30%,235,"115,186"
KELLER,"87,633",195,92.90%,290,"94,300"
MAY,"87,016",196,85.50%,270,"101,726"
DIXON,"86,725",197,57.10%,156,"152,015"
DAY,"86,608",198,85.20%,271,"101,676"
CARR,"86,319",199,75.80%,239,"113,892"
DEAN,"86,008",200,78.70%,250,"109,230"
GEORGE,"85,569",201,71.40%,227,"119,778"
FOWLER,"85,524",202,83.30%,267,"102,620"
BECK,"85,457",203,91.70%,295,"93,161"
NEWMAN,"85,387",204,85.00%,273,"100,491"
HAWKINS,"85,266",205,63.60%,191,"134,066"
BECKER,"84,942",206,96.40%,315,"88,114"
BOWMAN,"84,756",207,82.90%,268,"102,239"
GREENE,"84,129",208,70.30%,228,"119,604"
HARPER,"84,051",209,70.10%,226,"119,868"
BREWER,"83,728",210,83.30%,274,"100,465"
MATTHEWS,"82,656",211,66.20%,217,"124,839"
POWERS,"82,274",212,91.00%,304,"90,401"
SCHWARTZ,"81,963",213,96.80%,330,"84,699"
WILLIS,"81,331",214,64.70%,216,"125,627"
FULLER,"80,577",215,75.50%,256,"106,682"
BARRETT,"79,805",216,83.20%,288,"95,896"
DANIELS,"79,338",217,57.20%,180,"138,776"
HARVEY,"79,280",218,70.70%,247,"112,136"
COHEN,"79,053",219,90.60%,320,"87,226"
CURTIS,"79,048",220,79.90%,280,"98,958"
WATKINS,"79,027",221,64.50%,222,"122,447"
HOLLAND,"78,769",222,78.90%,276,"99,885"
MONTGOMERY,"78,748",223,70.20%,246,"112,144"
AUSTIN,"78,725",224,69.60%,241,"113,160"
GRANT,"78,075",225,58.30%,192,"134,034"
GARRETT,"78,063",226,72.40%,253,"107,777"
ERICKSON,"78,014",227,96.40%,351,"80,936"
LAMBERT,"77,669",228,85.70%,303,"90,618"
KLEIN,"76,920",229,96.50%,359,"79,685"
ZIMMERMAN,"76,743",230,94.80%,350,"80,944"
WOLFE,"76,704",231,92.30%,337,"83,112"
MCCARTHY,"76,092",232,93.90%,348,"81,035"
STANLEY,"76,029",233,81.00%,292,"93,817"
BARKER,"75,455",234,88.50%,325,"85,221"
BURTON,"74,721",235,69.70%,255,"107,158"
OLIVER,"74,509",236,66.70%,248,"111,641"
LITTLE,"74,245",237,72.30%,266,"102,718"
LUCAS,"73,877",238,73.60%,275,"100,417"
LEONARD,"73,669",239,82.60%,308,"89,198"
PEARSON,"73,542",240,74.50%,281,"98,728"
MCCOY,"73,472",241,69.00%,258,"106,481"
CRAIG,"72,721",242,81.20%,307,"89,591"
BARNETT,"72,676",243,78.70%,300,"92,287"
BATES,"72,266",244,77.10%,293,"93,743"
GREGORY,"71,821",245,80.90%,312,"88,810"
HOPKINS,"71,482",246,75.60%,289,"94,603"
OCONNOR,"70,831",247,94.70%,385,"74,756"
WARNER,"70,630",248,86.30%,344,"81,824"
SWANSON,"70,424",249,92.00%,375,"76,539"
NORRIS,"69,882",250,82.00%,326,"85,212"
HALE,"69,674",251,84.00%,338,"82,955"
ROBBINS,"69,616",252,89.10%,364,"78,141"
HOLT,"68,776",253,81.20%,329,"84,710"
RHODES,"68,608",254,77.20%,310,"88,917"
CHRISTENSEN,"68,199",255,95.90%,412,"71,144"
STEELE,"67,811",256,80.40%,331,"84,353"
MCDANIEL,"67,742",257,78.50%,323,"86,317"
BENSON,"67,370",258,80.00%,332,"84,233"
MANN,"67,329",259,83.10%,349,"81,022"
SHELTON,"67,287",260,76.20%,313,"88,326"
LOWE,"67,142",261,75.30%,309,"89,178"
HIGGINS,"67,110",262,85.90%,365,"78,107"
FISCHER,"67,088",263,95.70%,419,"70,095"
DOYLE,"66,710",264,90.70%,391,"73,518"
GRIFFITH,"66,450",265,85.80%,369,"77,429"
REID,"65,774",266,63.20%,263,"104,007"
FRANKLIN,"65,722",267,57.20%,236,"114,859"
QUINN,"65,684",268,88.10%,386,"74,531"
FLEMING,"65,601",269,74.60%,317,"87,949"
SUTTON,"65,600",270,75.10%,319,"87,373"
BALL,"65,562",271,84.50%,366,"77,561"
MCLAUGHLIN,"65,559",272,89.60%,392,"73,128"
WOLF,"65,432",273,95.00%,427,"68,905"
SHARP,"65,430",274,85.10%,371,"76,868"
GALLAGHER,"65,406",275,96.10%,433,"68,075"
BOWEN,"65,146",276,84.50%,370,"77,078"
FITZGERALD,"64,721",277,88.00%,390,"73,522"
GROSS,"64,338",278,86.60%,387,"74,285"
SCHROEDER,"64,247",279,96.70%,450,"66,412"
POTTER,"64,227",280,90.30%,413,"71,103"
CALDWELL,"64,183",281,70.30%,301,"91,338"
JENNINGS,"63,868",282,73.40%,321,"87,038"
REEVES,"63,686",283,79.80%,358,"79,817"
ADKINS,"63,603",284,88.90%,408,"71,528"
BRADY,"63,360",285,89.00%,411,"71,175"
LYONS,"63,240",286,76.90%,339,"82,258"
MULLINS,"63,201",287,89.90%,416,"70,286"
WADE,"62,654",288,67.50%,297,"92,834"
BALDWIN,"62,624",289,79.10%,361,"79,151"
VAUGHN,"62,613",290,73.60%,327,"85,037"
MUELLER,"62,350",291,97.00%,467,"64,305"
CHAMBERS,"62,144",292,68.80%,305,"90,325"
PAGE,"62,108",293,77.20%,354,"80,493"
PARKS,"61,720",294,71.50%,322,"86,346"
BLAIR,"61,708",295,82.10%,380,"75,135"
FIELDS,"61,677",296,59.70%,264,"103,242"
PARSONS,"61,377",297,92.70%,453,"66,203"
FLETCHER,"61,120",298,75.50%,352,"80,932"
WATTS,"61,058",299,70.80%,324,"86,228"
SIMS,"60,957",300,56.80%,254,"107,244"
RAMSEY,"60,948",301,79.50%,373,"76,625"
HARTMAN,"60,904",302,95.40%,470,"63,827"
KRAMER,"60,798",303,96.50%,474,"63,023"
BUSH,"60,442",304,74.10%,346,"81,524"
HORTON,"60,262",305,72.20%,335,"83,523"
BAUER,"59,711",306,96.30%,484,"61,979"
BARBER,"59,581",307,77.90%,376,"76,504"
SHERMAN,"59,301",308,84.90%,422,"69,840"
DOUGLAS,"59,147",309,61.30%,286,"96,425"
GRAVES,"59,128",310,72.00%,340,"82,179"
CHANDLER,"58,433",311,76.80%,379,"76,114"
CROSS,"58,364",312,77.70%,382,"75,134"
BARTON,"58,048",313,87.10%,447,"66,622"
HARMON,"57,938",314,80.00%,399,"72,414"
CUMMINGS,"57,891",315,75.50%,372,"76,707"
FLYNN,"57,820",316,93.60%,487,"61,747"
TODD,"57,810",317,82.80%,423,"69,810"
MCKINNEY,"57,697",318,71.60%,353,"80,616"
GOODMAN,"57,657",319,80.70%,409,"71,482"
TERRY,"57,421",320,68.80%,336,"83,437"
CASEY,"57,368",321,88.50%,463,"64,815"
FRANK,"57,144",322,86.70%,454,"65,918"
DAWSON,"56,518",323,70.50%,355,"80,190"
OWEN,"56,446",324,93.40%,496,"60,461"
NEWTON,"56,344",325,77.90%,400,"72,328"
THORNTON,"56,290",326,69.30%,347,"81,191"
MORAN,"56,105",327,71.40%,362,"78,546"
SHAFFER,"56,035",328,94.60%,505,"59,227"
MCCORMICK,"55,833",329,89.10%,475,"62,663"
BURGESS,"55,686",330,77.80%,407,"71,604"
MCGUIRE,"55,631",331,89.60%,482,"62,116"
GOODWIN,"55,542",332,79.00%,415,"70,333"
HESS,"55,474",333,95.90%,518,"57,822"
NORTON,"55,414",334,89.70%,485,"61,805"
FRENCH,"55,407",335,87.70%,473,"63,149"
OSBORNE,"55,261",336,84.00%,457,"65,802"
MANNING,"55,234",337,76.60%,402,"72,069"
BOWERS,"55,041",338,85.30%,466,"64,496"
ROTH,"54,903",339,96.30%,527,"57,030"
HARRINGTON,"54,658",340,83.90%,462,"65,131"
OLSEN,"54,650",341,95.30%,521,"57,357"
ROWE,"54,414",342,82.20%,452,"66,205"
BYRD,"54,397",343,61.30%,311,"88,811"
NEAL,"54,242",344,64.70%,333,"83,849"
HAMMOND,"54,173",345,80.80%,442,"67,063"
WEISS,"54,160",346,96.50%,531,"56,153"
FARMER,"53,971",347,79.00%,431,"68,309"
WISE,"53,838",348,80.70%,445,"66,738"
SPARKS,"53,471",349,85.90%,481,"62,234"
GARNER,"53,419",350,74.10%,403,"72,052"
WEBSTER,"53,406",351,76.20%,418,"70,123"
PAUL,"53,319",352,73.80%,401,"72,248"
RODGERS,"53,247",353,72.90%,394,"73,021"
MOSS,"53,004",354,71.90%,389,"73,750"
GARCIA,"52,956",355,6.20%,8,"858,289"
PETERSEN,"52,509",356,95.20%,543,"55,185"
SIMON,"52,342",357,69.90%,383,"74,839"
HOOVER,"52,295",358,93.30%,532,"56,068"
HODGES,"52,285",359,75.90%,428,"68,868"
HAYNES,"52,274",360,63.70%,341,"82,037"
FRAZIER,"52,156",361,59.10%,314,"88,325"
MILES,"52,118",362,63.60%,342,"81,933"
DECKER,"51,929",363,95.40%,555,"54,450"
MARSH,"51,855",364,85.00%,494,"60,999"
MEYERS,"51,734",365,91.20%,528,"56,744"
STRICKLAND,"51,657",366,78.50%,456,"65,814"
BLAKE,"51,294",367,74.00%,425,"69,279"
DENNIS,"51,227",368,68.50%,384,"74,784"
LAMB,"51,183",369,87.40%,511,"58,555"
BUCHANAN,"51,009",370,79.90%,471,"63,825"
HOGAN,"50,788",371,82.40%,488,"61,651"
BROCK,"50,742",372,85.00%,502,"59,682"
YATES,"50,723",373,82.60%,491,"61,400"
COCHRAN,"50,680",374,87.00%,514,"58,233"
LARSEN,"50,654",375,95.60%,572,"52,963"
CONNER,"50,373",376,80.80%,480,"62,335"
LANG,"50,364",377,84.20%,499,"59,843"
DANIEL,"50,355",378,67.00%,380,"75,135"
HUBBARD,"49,975",379,73.50%,435,"68,021"
MAXWELL,"49,854",380,75.80%,458,"65,779"
WATERS,"49,540",381,75.30%,455,"65,817"
CANNON,"49,068",382,72.20%,436,"67,923"
PATTON,"48,942",383,75.60%,464,"64,772"
REESE,"48,915",384,68.20%,405,"71,754"
HARDY,"48,776",385,63.70%,374,"76,608"
GILL,"48,708",386,70.90%,430,"68,699"
MALONE,"48,341",387,69.80%,426,"69,257"
DRAKE,"48,331",388,81.80%,506,"59,055"
PRATT,"48,002",389,80.30%,500,"59,801"
STEVENSON,"47,956",390,65.80%,395,"72,892"
SHORT,"47,914",391,85.70%,536,"55,903"
WALL,"47,764",392,87.80%,557,"54,401"
FOLEY,"47,597",393,93.60%,605,"50,852"
SWEENEY,"47,442",394,92.10%,591,"51,500"
TOWNSEND,"47,192",395,70.60%,444,"66,853"
WILCOX,"47,173",396,85.80%,546,"54,987"
WILKINSON,"47,166",397,89.90%,576,"52,483"
HENSLEY,"46,986",398,94.20%,618,"49,858"
ABBOTT,"46,974",399,91.00%,588,"51,620"
FARRELL,"46,961",400,91.90%,599,"51,095"
SHEPHERD,"46,916",401,81.00%,515,"57,935"
SAUNDERS,"46,825",402,69.70%,439,"67,210"
MARTINEZ,"46,814",403,6.00%,11,"775,072"
NORMAN,"46,720",404,71.60%,461,"65,269"
MCGEE,"46,708",405,64.90%,404,"71,925"
BRYAN,"46,691",406,84.50%,542,"55,269"
MCBRIDE,"46,575",407,76.50%,495,"60,874"
BERG,"46,497",408,95.90%,637,"48,480"
COMBS,"46,463",409,87.40%,570,"53,180"
LOVE,"46,446",410,59.30%,363,"78,323"
BRENNAN,"46,350",411,96.00%,642,"48,296"
CAIN,"46,339",412,80.10%,516,"57,873"
CLINE,"46,305",413,94.20%,628,"49,167"
HUFFMAN,"46,196",414,92.90%,620,"49,737"
BALLARD,"46,111",415,77.30%,503,"59,660"
COBB,"45,937",416,72.10%,472,"63,739"
KIRBY,"45,898",417,87.50%,577,"52,473"
ONEILL,"45,873",418,94.30%,633,"48,656"
FRANCIS,"45,824",419,63.90%,406,"71,723"
KOCH,"45,815",420,96.90%,657,"47,286"
LLOYD,"45,810",421,74.90%,493,"61,154"
RUSSO,"45,787",422,95.10%,645,"48,126"
CAREY,"45,702",423,83.20%,547,"54,924"
CALLAHAN,"45,577",424,91.30%,617,"49,925"
MOODY,"45,505",425,73.00%,479,"62,344"
MORROW,"45,411",426,81.60%,538,"55,664"
UNDERWOOD,"45,338",427,81.00%,535,"55,973"
YORK,"45,030",428,87.70%,596,"51,334"
POPE,"44,991",429,72.90%,486,"61,750"
BOYER,"44,929",430,90.60%,622,"49,601"
HUFF,"44,671",431,82.90%,564,"53,892"
MORTON,"44,644",432,75.90%,509,"58,788"
SUMMERS,"44,634",433,80.60%,541,"55,391"
BRIGGS,"44,629",434,77.90%,522,"57,297"
HORN,"44,572",435,86.70%,593,"51,380"
KANE,"44,470",436,91.60%,636,"48,527"
WALTON,"44,416",437,62.60%,414,"70,997"
PHELPS,"44,412",438,86.80%,598,"51,154"
RODRIGUEZ,"44,394",439,5.50%,9,"804,240"
DALTON,"44,342",440,88.40%,615,"50,166"
PATRICK,"44,287",441,76.00%,513,"58,257"
CONLEY,"44,152",442,81.50%,562,"54,194"
KIRK,"44,117",443,84.70%,582,"52,056"
CURRY,"44,041",444,61.70%,410,"71,344"
HANCOCK,"43,741",445,88.70%,625,"49,330"
FLOYD,"43,577",446,67.90%,469,"64,141"
MACDONALD,"43,516",447,95.10%,685,"45,782"
YODER,"43,409",448,98.10%,707,"44,245"
LOGAN,"43,318",449,67.10%,465,"64,576"
LINDSEY,"43,237",450,70.60%,492,"61,199"
NICHOLSON,"43,109",451,77.00%,534,"55,986"
JACOBSON,"43,101",452,96.00%,695,"44,874"
GARRISON,"43,066",453,85.30%,611,"50,482"
WALTER,"42,934",454,90.20%,651,"47,615"
KLINE,"42,826",455,95.40%,694,"44,900"
ALLISON,"42,753",456,83.00%,590,"51,504"
SKINNER,"42,727",457,81.40%,575,"52,490"
SILVA,"42,492",458,33.70%,214,"126,164"
CHASE,"42,475",459,83.70%,606,"50,777"
INGRAM,"42,459",460,63.70%,446,"66,665"
GIBBS,"42,409",461,67.80%,478,"62,514"
BURNETT,"42,104",462,72.80%,517,"57,859"
ATKINSON,"42,082",463,81.70%,592,"51,489"
DILLON,"42,016",464,86.00%,631,"48,833"
VINCENT,"41,647",465,82.30%,608,"50,628"
HEATH,"41,619",466,82.70%,614,"50,307"
BRUCE,"41,525",467,79.80%,583,"52,004"
CARSON,"41,458",468,74.30%,537,"55,821"
STEIN,"41,420",469,95.60%,720,"43,331"
CLARKE,"41,368",470,66.10%,476,"62,546"
BOOTH,"41,366",471,85.20%,635,"48,580"
GREER,"41,297",472,75.60%,552,"54,611"
RICH,"41,295",473,87.00%,654,"47,477"
ODONNELL,"41,287",474,96.50%,728,"42,802"
HINES,"41,214",475,60.50%,432,"68,145"
HOOD,"41,157",476,76.60%,566,"53,737"
BANKS,"41,008",477,41.30%,278,"99,294"
POOLE,"40,986",478,74.90%,549,"54,706"
BERGER,"40,899",479,93.90%,716,"43,556"
CAMERON,"40,834",480,77.90%,578,"52,439"
BLANKENSHIP,"40,521",481,95.00%,731,"42,663"
MCCLURE,"40,324",482,86.70%,672,"46,505"
MASSEY,"40,313",483,75.40%,568,"53,459"
EATON,"40,250",484,86.70%,676,"46,403"
BARRY,"40,184",485,89.20%,691,"45,044"
RANDALL,"40,090",486,76.40%,574,"52,495"
DAVENPORT,"40,080",487,73.90%,561,"54,206"
TYLER,"40,072",488,64.10%,477,"62,534"
PARRISH,"40,010",489,81.90%,632,"48,823"
MELTON,"39,988",490,82.30%,634,"48,594"
DYER,"39,970",491,85.80%,671,"46,574"
WHITAKER,"39,888",492,73.40%,558,"54,343"
STOUT,"39,883",493,93.50%,730,"42,669"
BOND,"39,856",494,78.20%,603,"50,980"
ROY,"39,730",495,79.90%,621,"49,725"
SNOW,"39,635",496,86.70%,687,"45,689"
WYATT,"39,621",497,77.90%,604,"50,874"
SAWYER,"39,592",498,82.50%,646,"47,979"
KNAPP,"39,575",499,95.90%,760,"41,267"
BAXTER,"39,525",500,82.60%,647,"47,857"
HENSON,"39,366",501,84.50%,669,"46,609"
NOLAN,"39,348",502,88.60%,705,"44,421"
BARTLETT,"39,294",503,92.40%,735,"42,512"
SCHAEFER,"39,285",504,96.60%,773,"40,663"
MARKS,"39,277",505,81.40%,644,"48,281"
STARK,"39,230",506,93.70%,751,"41,863"
NIELSEN,"39,215",507,95.60%,765,"41,007"
CLAYTON,"39,203",508,71.40%,548,"54,875"
GATES,"39,142",509,77.10%,607,"50,748"
SEXTON,"39,101",510,92.90%,747,"42,080"
TATE,"39,088",511,58.20%,440,"67,208"
TANNER,"39,014",512,84.10%,675,"46,412"
BASS,"38,995",513,71.80%,559,"54,296"
MCKEE,"38,964",514,89.50%,717,"43,555"
MATHEWS,"38,918",515,76.90%,609,"50,608"
HERMAN,"38,871",516,92.30%,746,"42,091"
SHIELDS,"38,792",517,78.30%,623,"49,556"
STEPHENSON,"38,739",518,83.00%,668,"46,662"
REILLY,"38,726",519,96.10%,780,"40,310"
HURST,"38,572",520,86.50%,702,"44,587"
JOHNS,"38,422",521,81.20%,656,"47,289"
VANCE,"38,175",522,83.40%,686,"45,763"
RICHARD,"38,160",523,73.20%,581,"52,138"
HOBBS,"38,154",524,80.80%,659,"47,220"
BUCK,"38,137",525,89.90%,737,"42,441"
KERR,"38,136",526,89.20%,729,"42,758"
GRIMES,"38,125",527,77.40%,626,"49,245"
BROWNING,"37,947",528,89.00%,732,"42,642"
KEITH,"37,945",529,81.20%,663,"46,747"
COLLIER,"37,872",530,69.60%,556,"54,414"
MCKENZIE,"37,832",531,68.70%,544,"55,084"
MORSE,"37,638",532,91.50%,762,"41,112"
CONRAD,"37,539",533,93.60%,786,"40,102"
HUTCHINSON,"37,482",534,78.40%,649,"47,809"
HOWE,"37,412",535,92.30%,775,"40,555"
SAVAGE,"37,359",536,77.20%,640,"48,367"
HAMPTON,"37,358",537,56.30%,451,"66,378"
BOYLE,"37,192",538,95.00%,802,"39,141"
DONOVAN,"37,145",539,94.60%,799,"39,270"
HEBERT,"37,056",540,92.00%,781,"40,283"
MAYER,"36,979",541,94.50%,803,"39,111"
COPELAND,"36,871",542,68.60%,565,"53,771"
NASH,"36,858",543,72.20%,601,"51,021"
BRIDGES,"36,822",544,70.50%,579,"52,260"
STAFFORD,"36,796",545,81.10%,689,"45,349"
GOLDEN,"36,731",546,76.80%,648,"47,839"
KENT,"36,659",547,86.10%,733,"42,597"
MCMAHON,"36,571",548,94.80%,819,"38,557"
ROACH,"36,559",549,82.20%,704,"44,454"
WILKINS,"36,556",550,65.20%,532,"56,068"
MAHONEY,"36,529",551,92.60%,795,"39,440"
PECK,"36,431",552,92.40%,796,"39,432"
HULL,"36,382",553,87.30%,754,"41,656"
LOPEZ,"36,360",554,5.90%,21,"621,536"
DOUGHERTY,"36,341",555,95.90%,829,"37,903"
BEARD,"36,331",556,77.10%,660,"47,128"
CONWAY,"36,300",557,83.70%,719,"43,395"
CASE,"36,259",558,93.50%,813,"38,759"
LEACH,"36,099",559,82.70%,714,"43,666"
BARR,"36,063",560,85.00%,738,"42,432"
LEBLANC,"36,049",561,88.10%,767,"40,923"
PENNINGTON,"36,047",562,89.40%,779,"40,339"
HODGE,"35,960",563,71.10%,610,"50,577"
HURLEY,"35,814",564,91.90%,808,"38,971"
ORR,"35,728",565,81.80%,714,"43,666"
FROST,"35,712",566,88.00%,774,"40,582"
STOKES,"35,670",567,60.80%,510,"58,687"
CHRISTIAN,"35,665",568,69.70%,597,"51,177"
GENTRY,"35,626",569,84.10%,741,"42,357"
KRUEGER,"35,615",570,97.10%,863,"36,694"
MEADOWS,"35,564",571,82.90%,725,"42,884"
FRIEDMAN,"35,559",572,96.50%,857,"36,833"
MCCONNELL,"35,502",573,90.60%,800,"39,203"
HUBER,"35,488",574,96.60%,861,"36,729"
WINTERS,"35,487",575,81.10%,712,"43,762"
WEEKS,"35,322",576,86.00%,764,"41,053"
GLOVER,"35,241",577,54.90%,468,"64,180"
HAHN,"35,148",578,91.60%,822,"38,354"
HUMPHREY,"35,142",579,74.00%,655,"47,470"
DUFFY,"34,974",580,92.10%,827,"37,962"
ATKINS,"34,967",581,70.30%,619,"49,754"
PITTMAN,"34,959",582,66.30%,573,"52,689"
MONROE,"34,876",583,65.20%,567,"53,475"
BRADFORD,"34,796",584,67.30%,586,"51,726"
FRY,"34,764",585,92.60%,838,"37,542"
SHANNON,"34,750",586,77.40%,693,"44,902"
BENDER,"34,698",587,90.20%,821,"38,464"
BUCKLEY,"34,686",588,85.20%,772,"40,706"
SLOAN,"34,632",589,81.90%,743,"42,281"
GILLESPIE,"34,600",590,83.60%,758,"41,393"
MOYER,"34,578",591,94.90%,871,"36,421"
PRESTON,"34,498",592,75.20%,681,"45,850"
MERRITT,"34,465",593,77.20%,701,"44,626"
FITZPATRICK,"34,413",594,87.10%,794,"39,501"
MCINTYRE,"34,363",595,81.20%,742,"42,335"
OCONNELL,"34,339",596,96.40%,886,"35,610"
MCDOWELL,"34,323",597,72.20%,652,"47,526"
SCHMITT,"34,203",598,96.80%,898,"35,326"
NOVAK,"34,167",599,96.80%,899,"35,282"
LESTER,"34,134",600,77.70%,709,"43,919"
RASMUSSEN,"34,042",601,96.00%,893,"35,453"
BRANDT,"34,035",602,95.60%,885,"35,616"
MICHAEL,"33,999",603,86.40%,798,"39,369"
CRANE,"33,997",604,91.60%,848,"37,123"
BLACKBURN,"33,904",605,88.90%,826,"38,137"
HOLLOWAY,"33,685",606,60.70%,540,"55,466"
BLEVINS,"33,562",607,91.10%,856,"36,841"
MATHIS,"33,517",608,64.70%,585,"51,796"
MCCULLOUGH,"33,476",609,75.90%,708,"44,123"
GOULD,"33,363",610,88.60%,836,"37,660"
ENGLISH,"33,355",611,74.10%,692,"45,032"
HARRELL,"33,334",612,68.80%,638,"48,471"
KAUFMAN,"33,315",613,95.80%,911,"34,786"
BOONE,"33,245",614,64.30%,587,"51,679"
DICKERSON,"33,207",615,65.10%,602,"51,017"
KRAUSE,"33,170",616,96.60%,932,"34,345"
HARDIN,"33,148",617,79.60%,753,"41,664"
WERNER,"33,115",618,96.40%,931,"34,352"
FREDERICK,"33,085",619,82.90%,791,"39,909"
ANTHONY,"33,076",620,63.40%,580,"52,146"
WOODWARD,"33,071",621,91.30%,875,"36,242"
AYERS,"33,011",622,85.00%,812,"38,836"
KEMP,"32,971",623,73.80%,698,"44,701"
HAAS,"32,899",624,96.70%,941,"34,032"
BRADSHAW,"32,823",625,80.50%,769,"40,794"
SELLERS,"32,787",626,78.90%,755,"41,561"
HENDRICKS,"32,737",627,78.20%,749,"41,879"
MULLEN,"32,681",628,89.70%,867,"36,442"
MCGRATH,"32,639",629,95.90%,943,"34,031"
MCFARLAND,"32,537",630,80.80%,782,"40,244"
BENTLEY,"32,520",631,84.00%,814,"38,714"
NOBLE,"32,507",632,80.80%,784,"40,217"
GLASS,"32,331",633,79.40%,770,"40,724"
CHURCH,"32,291",634,90.90%,890,"35,539"
IRWIN,"32,284",635,93.90%,930,"34,374"
MCCARTY,"32,210",636,90.20%,881,"35,718"
LANDRY,"32,206",637,84.80%,828,"37,961"
CLEMENTS,"32,199",638,86.50%,843,"37,237"
HERNANDEZ,"32,140",639,4.60%,15,"706,372"
LYNN,"32,109",640,86.50%,847,"37,125"
GILMORE,"32,088",641,68.20%,661,"47,050"
WILEY,"32,079",642,67.50%,653,"47,503"
BLANCHARD,"32,007",643,87.10%,860,"36,764"
ANDERSEN,"32,003",644,95.50%,954,"33,508"
DURHAM,"31,986",645,75.50%,740,"42,365"
PITTS,"31,941",646,65.90%,639,"48,462"
PRUITT,"31,902",647,75.10%,736,"42,463"
LEVINE,"31,900",648,92.50%,926,"34,472"
COFFEY,"31,884",649,90.00%,894,"35,442"
BEASLEY,"31,873",650,69.00%,679,"46,179"
BAIRD,"31,871",651,93.10%,935,"34,233"
MACK,"31,797",652,47.30%,441,"67,154"
FARLEY,"31,764",653,85.60%,849,"37,116"
DAUGHERTY,"31,753",654,91.60%,921,"34,650"
ESTES,"31,728",655,88.50%,880,"35,839"
MAYNARD,"31,705",656,88.90%,884,"35,648"
MCCANN,"31,650",657,91.20%,916,"34,692"
CANTRELL,"31,595",658,91.10%,920,"34,674"
VAUGHAN,"31,588",659,84.00%,837,"37,591"
RAYMOND,"31,580",660,82.80%,825,"38,158"
WHITEHEAD,"31,560",661,72.90%,721,"43,310"
HARDING,"31,512",662,82.20%,823,"38,340"
FREY,"31,504",663,96.20%,972,"32,735"
BLACKWELL,"31,482",664,67.70%,673,"46,495"
GOOD,"31,435",665,91.30%,929,"34,430"
BRAUN,"31,359",666,96.00%,973,"32,676"
HATFIELD,"31,349",667,93.70%,956,"33,464"
GLENN,"31,337",668,63.60%,627,"49,241"
HOUSE,"31,301",669,77.30%,776,"40,477"
FRITZ,"31,299",670,94.70%,966,"33,068"
PRINCE,"31,266",671,70.00%,700,"44,640"
PACE,"31,211",672,80.10%,807,"38,975"
WILKERSON,"31,188",673,66.90%,670,"46,605"
HICKMAN,"31,170",674,77.50%,783,"40,224"
HANNA,"31,106",675,87.40%,887,"35,599"
DODSON,"30,991",676,83.10%,842,"37,298"
FRYE,"30,955",677,84.30%,862,"36,716"
COMPTON,"30,947",678,89.00%,910,"34,788"
RITTER,"30,928",679,94.10%,970,"32,864"
ONEAL,"30,909",680,67.00%,680,"46,161"
BEAN,"30,834",681,83.00%,846,"37,145"
KAISER,"30,821",682,94.60%,977,"32,567"
POTTS,"30,817",683,81.80%,832,"37,687"
HAYS,"30,744",684,92.60%,964,"33,194"
LUTZ,"30,720",685,96.20%,996,"31,940"
SHEA,"30,703",686,95.70%,990,"32,069"
ROWLAND,"30,607",687,88.70%,925,"34,498"
LIVINGSTON,"30,596",688,74.70%,766,"40,964"
BIRD,"30,576",689,90.00%,944,"33,962"
STUART,"30,492",690,85.40%,883,"35,701"
MOONEY,"30,445",691,92.40%,968,"32,953"
FLOWERS,"30,357",692,55.90%,560,"54,277"
SHEPARD,"30,356",693,78.40%,815,"38,705"
MCKAY,"30,356",693,82.20%,853,"36,948"
HALEY,"30,338",695,83.30%,869,"36,433"
RIGGS,"30,292",696,89.40%,947,"33,868"
JOYCE,"30,229",697,89.30%,948,"33,843"
LEHMAN,"30,157",698,96.40%,1023,"31,296"
STRONG,"30,140",699,69.40%,718,"43,430"
MADDEN,"29,887",700,86.70%,926,"34,472"
DUNLAP,"29,881",701,77.60%,820,"38,516"
WHITNEY,"29,836",702,87.10%,934,"34,251"
HAYDEN,"29,821",703,82.80%,878,"36,024"
OSBORN,"29,711",704,92.70%,991,"32,044"
SMALL,"29,633",705,64.60%,681,"45,850"
JARVIS,"29,630",706,87.00%,939,"34,050"
MOON,"29,624",707,70.40%,748,"42,062"
DONNELLY,"29,515",708,95.50%,1036,"30,919"
HOUSTON,"29,514",709,54.60%,563,"54,026"
KATZ,"29,488",710,96.30%,1045,"30,615"
DUKE,"29,480",711,87.40%,952,"33,745"
MCINTOSH,"29,442",712,72.80%,777,"40,453"
SNIDER,"29,442",712,93.70%,1018,"31,418"
DAVIES,"29,380",714,91.30%,988,"32,165"
COSTA,"29,362",715,83.40%,900,"35,227"
RIDDLE,"29,336",716,89.80%,975,"32,654"
LOWERY,"29,315",717,70.40%,752,"41,670"
DONAHUE,"29,301",718,93.80%,1026,"31,251"
VOGEL,"29,294",719,96.40%,1052,"30,388"
LEVY,"29,293",720,82.60%,892,"35,464"
STANTON,"29,273",721,84.10%,909,"34,812"
MCCLAIN,"29,250",722,64.20%,688,"45,560"
KUHN,"29,216",723,96.30%,1053,"30,342"
GOLDSTEIN,"29,200",724,96.00%,1050,"30,429"
WITT,"29,177",725,93.00%,1020,"31,360"
SHOEMAKER,"29,163",726,94.80%,1040,"30,756"
MERRILL,"29,135",727,91.70%,1007,"31,758"
PEREZ,"29,067",728,6.00%,29,"488,521"
WINTER,"29,065",729,94.60%,1043,"30,721"
HANEY,"29,040",730,89.00%,976,"32,644"
GOLDBERG,"28,916",731,96.50%,1069,"29,968"
ODELL,"28,874",732,93.30%,1034,"30,951"
FAULKNER,"28,870",733,81.60%,896,"35,389"
MCLEAN,"28,855",734,70.60%,768,"40,871"
RUSH,"28,811",735,76.90%,839,"37,470"
BRAY,"28,721",736,83.10%,923,"34,575"
COSTELLO,"28,705",737,91.80%,1025,"31,266"
DOWNS,"28,701",738,85.70%,955,"33,494"
ROBERSON,"28,647",739,53.80%,569,"53,198"
BURCH,"28,623",740,80.60%,891,"35,521"
GORMAN,"28,620",741,91.50%,1024,"31,285"
CARVER,"28,611",742,90.60%,1014,"31,566"
LANGE,"28,505",743,95.10%,1068,"29,977"
GONZALEZ,"28,451",744,4.80%,23,"597,718"
WORKMAN,"28,435",745,91.30%,1029,"31,151"
JOSEPH,"28,395",746,35.50%,356,"80,030"
MALONEY,"28,374",747,93.20%,1048,"30,434"
ELLISON,"28,362",748,68.40%,756,"41,459"
GUTHRIE,"28,352",749,89.90%,1015,"31,530"
KAPLAN,"28,328",750,96.30%,1090,"29,410"
MERCER,"28,302",751,83.70%,949,"33,797"
GOFF,"28,295",752,89.00%,1001,"31,806"
DALY,"28,258",753,92.90%,1048,"30,434"
CRAMER,"28,248",754,95.20%,1077,"29,666"
MCCALL,"28,223",755,68.50%,761,"41,231"
MOSER,"28,217",756,95.70%,1085,"29,485"
KNOX,"28,214",757,65.70%,724,"42,937"
MIDDLETON,"28,211",758,69.30%,771,"40,708"
CROSBY,"28,209",759,72.60%,811,"38,844"
CARNEY,"28,189",760,87.30%,984,"32,282"
RICHTER,"28,172",761,96.40%,1096,"29,233"
WOODARD,"28,014",762,62.50%,696,"44,830"
SPEARS,"27,957",763,69.50%,785,"40,203"
HOOPER,"27,922",764,81.90%,936,"34,084"
HERRING,"27,918",765,74.70%,841,"37,353"
SANFORD,"27,887",766,78.40%,888,"35,565"
CROWLEY,"27,828",767,91.50%,1051,"30,416"
KESSLER,"27,827",768,96.40%,1112,"28,869"
WALLS,"27,796",769,71.00%,801,"39,166"
BYRNE,"27,787",770,95.90%,1106,"28,963"
CONNOLLY,"27,760",771,96.30%,1116,"28,821"
MCDERMOTT,"27,753",772,94.30%,1086,"29,440"
EVERETT,"27,726",773,71.60%,816,"38,702"
WIGGINS,"27,674",774,57.20%,641,"48,355"
BULLOCK,"27,589",775,64.10%,722,"43,021"
HENDRICKSON,"27,576",776,93.50%,1084,"29,496"
CHILDERS,"27,573",777,91.70%,1063,"30,079"
HELMS,"27,572",778,92.80%,1074,"29,727"
MCMILLAN,"27,569",779,70.90%,810,"38,896"
FINK,"27,564",780,97.00%,1128,"28,417"
FINLEY,"27,560",781,74.70%,854,"36,874"
ASHLEY,"27,533",782,74.40%,852,"37,021"
MCCABE,"27,445",783,93.00%,1083,"29,523"
PEARCE,"27,421",784,90.60%,1054,"30,276"
HARTLEY,"27,418",785,90.70%,1055,"30,236"
ARCHER,"27,364",786,81.90%,958,"33,411"
HENDRIX,"27,345",787,80.40%,941,"34,032"
BEACH,"27,284",788,91.10%,1071,"29,940"
AVERY,"27,215",789,72.70%,840,"37,440"
LANCASTER,"27,215",789,85.90%,1009,"31,686"
BEST,"27,178",791,73.70%,855,"36,862"
JUSTICE,"27,155",792,87.70%,1032,"30,956"
HICKEY,"27,139",793,93.70%,1105,"28,970"
WELSH,"27,128",794,92.90%,1097,"29,217"
DICKSON,"27,123",795,78.20%,915,"34,698"
TRACY,"27,117",796,92.50%,1093,"29,316"
KINNEY,"27,111",797,87.60%,1032,"30,956"
PUGH,"26,999",798,69.80%,817,"38,691"
HOLDEN,"26,862",799,78.90%,940,"34,041"
MARINO,"26,789",800,87.20%,1042,"30,735"
SOLOMON,"26,787",801,62.50%,726,"42,839"
MCPHERSON,"26,733",802,76.90%,913,"34,763"
FLANAGAN,"26,701",803,90.30%,1079,"29,563"
CALHOUN,"26,687",804,64.40%,757,"41,452"
HORNE,"26,650",805,73.40%,873,"36,288"
DELANEY,"26,647",806,85.30%,1027,"31,236"
SPRINGER,"26,589",807,85.60%,1031,"31,044"
SEARS,"26,579",808,84.70%,1019,"31,387"
HAINES,"26,551",809,91.40%,1102,"29,065"
BENTON,"26,511",810,71.60%,851,"37,032"
RICHMOND,"26,511",810,74.20%,882,"35,715"
RITCHIE,"26,446",812,93.10%,1131,"28,397"
DONALDSON,"26,434",813,74.70%,897,"35,387"
GILES,"26,361",814,67.60%,805,"39,002"
COWAN,"26,332",815,81.70%,985,"32,242"
HESTER,"26,301",816,75.90%,919,"34,675"
DOLAN,"26,249",817,96.30%,1179,"27,252"
KERN,"26,186",818,94.80%,1162,"27,634"
CROWE,"26,173",819,89.40%,1095,"29,260"
ENGLAND,"26,113",820,90.50%,1113,"28,861"
SPENCE,"26,078",821,75.70%,928,"34,435"
TUTTLE,"26,005",822,94.70%,1169,"27,460"
VALENTINE,"25,980",823,69.00%,834,"37,669"
PETTY,"25,976",824,75.80%,933,"34,278"
DOHERTY,"25,972",825,96.30%,1191,"26,978"
BYERS,"25,950",826,82.90%,1022,"31,299"
EWING,"25,905",827,78.70%,969,"32,925"
EMERSON,"25,902",828,86.30%,1066,"30,028"
COOLEY,"25,881",829,80.20%,983,"32,287"
HOLCOMB,"25,867",830,90.20%,1120,"28,668"
KENDALL,"25,848",831,87.50%,1082,"29,524"
LAKE,"25,840",832,83.60%,1035,"30,924"
DODD,"25,747",833,85.70%,1065,"30,029"
SLATER,"25,719",834,81.50%,1013,"31,569"
SORENSEN,"25,658",835,96.10%,1201,"26,705"
COOKE,"25,647",836,80.50%,1000,"31,860"
CLAY,"25,630",837,55.40%,677,"46,264"
GUSTAFSON,"25,619",838,96.90%,1213,"26,433"
LYON,"25,579",839,93.60%,1175,"27,337"
NEWELL,"25,539",840,81.50%,1021,"31,317"
SANCHEZ,"25,460",841,5.80%,33,"441,242"
CAMP,"25,453",842,86.50%,1087,"29,432"
CRAFT,"25,408",843,82.90%,1044,"30,653"
BARLOW,"25,389",844,82.60%,1041,"30,749"
SWEET,"25,381",845,87.90%,1111,"28,872"
TRAVIS,"25,351",846,76.00%,960,"33,339"
MADDOX,"25,304",847,72.40%,906,"34,970"
DAVID,"25,240",848,65.30%,818,"38,659"
SHEEHAN,"25,235",849,96.70%,1233,"26,107"
HYDE,"25,206",850,88.10%,1121,"28,604"
PUCKETT,"25,186",851,90.30%,1153,"27,891"
BOGGS,"25,143",852,90.40%,1156,"27,822"
WALLER,"25,138",853,71.80%,904,"35,001"
ONEIL,"25,128",854,89.70%,1145,"28,020"
DWYER,"25,116",855,93.90%,1197,"26,759"
PROCTOR,"25,068",856,72.30%,918,"34,682"
ALBERT,"25,039",857,80.40%,1028,"31,159"
SINGLETON,"25,033",858,48.30%,584,"51,797"
MCNAMARA,"25,028",859,96.60%,1245,"25,896"
SHEPPARD,"25,019",860,70.40%,889,"35,554"
MCKENNA,"25,018",861,95.50%,1226,"26,189"
CHAMBERLAIN,"24,987",862,89.50%,1151,"27,928"
GIBBONS,"24,870",863,85.80%,1104,"28,993"
BARRON,"24,863",864,53.80%,678,"46,196"
FRANKS,"24,853",865,84.20%,1080,"29,531"
HASTINGS,"24,840",866,91.30%,1183,"27,201"
HOLDER,"24,765",867,76.30%,978,"32,466"
FERRELL,"24,758",868,77.00%,987,"32,174"
CRABTREE,"24,692",869,95.20%,1244,"25,929"
MCGOWAN,"24,689",870,78.00%,1010,"31,669"
BERNARD,"24,617",871,67.40%,864,"36,546"
PARK,"24,616",872,30.10%,343,"81,890"
DAILEY,"24,613",873,79.70%,1038,"30,894"
HEWITT,"24,583",874,85.20%,1114,"28,857"
SUTHERLAND,"24,578",875,86.50%,1128,"28,417"
KIDD,"24,546",876,77.00%,998,"31,886"
PIKE,"24,458",877,93.80%,1235,"26,086"
CASSIDY,"24,414",878,93.90%,1240,"26,011"
SWARTZ,"24,373",879,96.30%,1276,"25,307"
SHAFER,"24,351",880,95.50%,1264,"25,498"
GALLOWAY,"24,350",881,72.10%,951,"33,773"
OTT,"24,289",882,95.30%,1265,"25,492"
ROMANO,"24,280",883,88.60%,1171,"27,401"
KENNEY,"24,217",884,89.10%,1184,"27,189"
BOLTON,"24,172",885,75.50%,994,"31,995"
HELLER,"24,171",886,95.30%,1274,"25,371"
FARRIS,"24,169",887,83.50%,1108,"28,928"
ROSENBERG,"24,169",887,95.60%,1280,"25,271"
FINCH,"24,140",889,81.30%,1076,"29,703"
GAY,"24,115",890,73.80%,974,"32,672"
STARR,"24,077",891,85.30%,1135,"28,210"
HOPPER,"24,058",892,89.20%,1192,"26,956"
BOWLING,"24,055",893,92.70%,1243,"25,938"
WARE,"24,041",894,51.50%,667,"46,682"
ODOM,"24,040",895,71.30%,953,"33,717"
MULLER,"24,024",896,89.80%,1198,"26,744"
MEIER,"23,973",897,96.30%,1298,"24,886"
ROLLINS,"23,949",898,70.90%,949,"33,797"
DICKINSON,"23,930",899,91.50%,1230,"26,144"
FORBES,"23,926",900,74.20%,986,"32,228"
DEMPSEY,"23,926",900,90.60%,1215,"26,403"
SHAPIRO,"23,897",902,96.70%,1306,"24,712"
DUDLEY,"23,880",903,68.70%,912,"34,770"
ROSSI,"23,879",904,93.60%,1263,"25,512"
CHANEY,"23,864",905,73.60%,979,"32,433"
PIERSON,"23,853",906,86.00%,1158,"27,730"
LINDSAY,"23,843",907,75.10%,1008,"31,744"
KIRKPATRICK,"23,825",908,91.10%,1229,"26,155"
SCHUMACHER,"23,819",909,96.90%,1315,"24,573"
DENTON,"23,802",910,87.80%,1187,"27,112"
MCGINNIS,"23,718",911,89.20%,1207,"26,578"
PATE,"23,717",912,82.30%,1117,"28,804"
CURRAN,"23,687",913,96.40%,1317,"24,559"
SARGENT,"23,662",914,87.60%,1190,"27,024"
ZIEGLER,"23,620",915,94.00%,1289,"25,138"
NIXON,"23,590",916,65.50%,877,"36,037"
ACKERMAN,"23,589",917,94.90%,1300,"24,862"
CONNOR,"23,526",918,83.70%,1138,"28,107"
RATLIFF,"23,488",919,80.60%,1099,"29,142"
SINGER,"23,461",920,91.60%,1261,"25,599"
BRIGHT,"23,458",921,73.20%,992,"32,042"
DOWNEY,"23,447",922,89.50%,1225,"26,206"
GLEASON,"23,419",923,93.60%,1293,"25,007"
DYE,"23,392",924,84.70%,1163,"27,627"
SAMPSON,"23,376",925,62.80%,844,"37,234"
COUCH,"23,367",926,89.40%,1231,"26,135"
FULTON,"23,339",927,74.10%,1017,"31,513"
COFFMAN,"23,298",928,94.20%,1304,"24,733"
DALE,"23,273",929,80.30%,1103,"28,994"
ELDER,"23,219",930,80.70%,1118,"28,783"
FUNK,"23,200",931,96.50%,1351,"24,032"
STERN,"23,193",932,94.20%,1311,"24,618"
WORLEY,"23,166",933,91.20%,1271,"25,407"
COURTNEY,"23,148",934,86.80%,1202,"26,668"
RUTHERFORD,"23,133",935,84.00%,1167,"27,539"
RANDOLPH,"23,130",936,58.20%,792,"39,742"
SHIRLEY,"23,120",937,84.70%,1176,"27,300"
CASH,"23,086",938,80.80%,1123,"28,572"
MCALLISTER,"23,026",939,80.50%,1122,"28,586"
HAMM,"23,006",940,87.20%,1216,"26,392"
SCHAFER,"23,004",941,96.60%,1366,"23,804"
FISH,"23,000",942,93.50%,1314,"24,612"
DOWNING,"22,947",943,82.30%,1154,"27,879"
BELCHER,"22,931",944,82.10%,1149,"27,947"
BRUNO,"22,917",945,79.80%,1119,"28,729"
KNOWLES,"22,903",946,83.60%,1174,"27,380"
BRITT,"22,880",947,75.80%,1059,"30,200"
SCHULZ,"22,864",948,96.60%,1374,"23,676"
EMERY,"22,847",949,90.20%,1275,"25,338"
ALBRIGHT,"22,847",949,91.60%,1297,"24,942"
HELTON,"22,834",951,92.70%,1310,"24,624"
HOLMAN,"22,775",952,72.30%,1016,"31,514"
ROE,"22,770",953,92.20%,1307,"24,699"
KEY,"22,735",954,71.30%,999,"31,882"
HILTON,"22,700",955,80.80%,1139,"28,098"
HATCH,"22,683",956,88.70%,1262,"25,564"
LUND,"22,676",957,94.50%,1354,"24,001"
DEWITT,"22,651",958,89.00%,1268,"25,448"
BACON,"22,617",959,77.20%,1094,"29,312"
RANKIN,"22,604",960,80.80%,1148,"27,989"
LANGLEY,"22,600",961,85.10%,1208,"26,560"
BLOOM,"22,544",962,94.40%,1362,"23,879"
KURTZ,"22,478",963,95.70%,1383,"23,488"
PADGETT,"22,426",964,90.20%,1301,"24,854"
MAYS,"22,411",965,57.60%,809,"38,914"
FIELD,"22,402",966,91.90%,1329,"24,374"
AKERS,"22,383",967,91.90%,1330,"24,353"
DOTSON,"22,351",968,70.30%,1004,"31,784"
FELDMAN,"22,351",968,96.40%,1401,"23,195"
GOLDMAN,"22,345",970,92.80%,1348,"24,086"
SCHMITZ,"22,345",970,97.20%,1423,"22,984"
WHALEN,"22,311",972,94.40%,1377,"23,642"
GODFREY,"22,290",973,80.50%,1159,"27,700"
MAYO,"22,211",974,67.10%,965,"33,126"
WEBBER,"22,207",975,84.80%,1228,"26,178"
POLLARD,"22,185",976,65.10%,937,"34,079"
HAGEN,"22,086",977,95.30%,1403,"23,175"
TIPTON,"22,080",978,89.20%,1303,"24,767"
ELKINS,"22,080",978,92.20%,1356,"23,953"
CROUCH,"22,079",980,91.40%,1342,"24,146"
LOCKE,"22,077",981,83.30%,1210,"26,516"
CONKLIN,"22,055",982,94.40%,1390,"23,371"
WILLS,"22,025",983,78.60%,1143,"28,036"
DRISCOLL,"22,021",984,95.50%,1413,"23,063"
POST,"22,020",985,95.10%,1406,"23,155"
SIMONS,"22,014",986,87.10%,1281,"25,266"
THOMSON,"22,010",987,91.00%,1341,"24,174"
SWENSON,"21,977",988,96.60%,1442,"22,762"
STEINER,"21,966",989,96.00%,1432,"22,874"
ARTHUR,"21,964",990,80.20%,1172,"27,383"
STOVER,"21,908",991,89.00%,1313,"24,613"
ROSEN,"21,896",992,96.20%,1441,"22,763"
CHRISTOPHER,"21,866",993,76.70%,1124,"28,493"
HEAD,"21,864",994,80.30%,1180,"27,218"
SANTOS,"21,709",995,21.90%,279,"98,993"
HORNER,"21,672",996,93.00%,1393,"23,308"
HOLBROOK,"21,643",997,92.80%,1392,"23,317"
MEEKS,"21,629",998,76.10%,1126,"28,426"
KIMBALL,"21,627",999,94.10%,1421,"22,990"
EGAN,"21,618",1000,96.10%,1458,"22,491"
GREGG,"21,585",1001,84.80%,1267,"25,457"
NEFF,"21,541",1002,95.70%,1455,"22,509"
WOODRUFF,"21,513",1003,83.90%,1258,"25,626"
HUTCHISON,"21,510",1004,92.00%,1389,"23,391"
MAHER,"21,484",1005,95.50%,1456,"22,503"
MACKEY,"21,471",1006,72.20%,1075,"29,718"
MCLEOD,"21,438",1007,72.90%,1088,"29,423"
ESPOSITO,"21,430",1008,94.60%,1446,"22,651"
STAHL,"21,385",1009,96.50%,1471,"22,163"
BRITTON,"21,368",1010,76.30%,1147,"28,001"
MASTERS,"21,364",1011,92.50%,1412,"23,106"
PRITCHARD,"21,326",1012,90.30%,1378,"23,606"
MOSES,"21,323",1013,57.90%,858,"36,814"
CONNELLY,"21,298",1014,93.60%,1443,"22,747"
ROBISON,"21,266",1015,89.40%,1367,"23,785"
YEAGER,"21,255",1016,95.00%,1463,"22,374"
CORBETT,"21,244",1017,82.60%,1252,"25,722"
LOWRY,"21,232",1018,86.60%,1323,"24,506"
LUDWIG,"21,222",1019,96.50%,1485,"21,994"
SPRAGUE,"21,184",1020,95.10%,1466,"22,283"
LAW,"21,167",1021,68.50%,1037,"30,900"
INMAN,"21,074",1022,89.80%,1386,"23,460"
CHERRY,"21,070",1023,60.90%,922,"34,615"
SIEGEL,"21,060",1024,96.90%,1514,"21,725"
GOSS,"21,023",1025,82.60%,1266,"25,464"
MCMANUS,"20,995",1026,91.70%,1430,"22,903"
TOMLINSON,"20,983",1027,87.00%,1345,"24,110"
WILDER,"20,980",1028,69.90%,1067,"30,023"
CROW,"20,944",1029,90.90%,1416,"23,031"
GROVES,"20,905",1030,86.20%,1336,"24,260"
LORD,"20,887",1031,89.90%,1399,"23,221"
OTTO,"20,861",1032,94.80%,1483,"22,001"
GRIMM,"20,861",1032,95.90%,1510,"21,757"
BABCOCK,"20,855",1034,95.80%,1508,"21,769"
OLEARY,"20,837",1035,95.10%,1496,"21,904"
BEATTY,"20,817",1036,82.50%,1283,"25,245"
WINKLER,"20,803",1037,95.50%,1505,"21,783"
PAINTER,"20,778",1038,95.60%,1514,"21,725"
ENGEL,"20,767",1039,96.30%,1530,"21,567"
METCALF,"20,753",1040,88.20%,1381,"23,540"
KOENIG,"20,750",1041,96.00%,1527,"21,606"
CONNELL,"20,743",1042,93.50%,1470,"22,183"
MCDONOUGH,"20,740",1043,97.20%,1542,"21,340"
SEYMOUR,"20,736",1044,84.90%,1327,"24,427"
JEWELL,"20,731",1045,89.60%,1407,"23,143"
SELF,"20,723",1046,90.30%,1426,"22,954"
BURT,"20,722",1047,80.80%,1256,"25,649"
HAMMER,"20,694",1048,94.30%,1491,"21,947"
RUBIN,"20,686",1049,90.10%,1425,"22,969"
PICKETT,"20,684",1050,67.70%,1046,"30,552"
CLEVELAND,"20,670",1051,68.40%,1056,"30,233"
SANDERSON,"20,667",1052,88.10%,1384,"23,469"
STRATTON,"20,664",1053,91.80%,1457,"22,498"
HINKLE,"20,648",1054,91.40%,1449,"22,581"
KRAFT,"20,645",1055,95.70%,1528,"21,579"
BOWER,"20,628",1056,95.00%,1516,"21,705"
DEVINE,"20,609",1057,89.50%,1417,"23,016"
HUTCHINS,"20,588",1058,80.30%,1257,"25,633"
MORIN,"20,572",1059,73.00%,1136,"28,184"
MCCLELLAN,"20,551",1060,82.30%,1294,"24,986"
MEREDITH,"20,550",1061,85.90%,1358,"23,937"
DODGE,"20,547",1062,94.10%,1500,"21,833"
KIRKLAND,"20,534",1063,71.00%,1107,"28,937"
BINGHAM,"20,513",1064,84.30%,1332,"24,327"
POLLOCK,"20,513",1064,89.20%,1420,"22,994"
SHARPE,"20,504",1066,73.60%,1155,"27,862"
WOOTEN,"20,496",1067,67.90%,1060,"30,185"
ELDRIDGE,"20,493",1068,83.60%,1322,"24,510"
GARLAND,"20,487",1069,79.60%,1251,"25,725"
MCCAULEY,"20,473",1070,85.60%,1360,"23,926"
REGAN,"20,465",1071,94.60%,1525,"21,624"
CLIFTON,"20,455",1072,83.40%,1320,"24,523"
WOLFF,"20,396",1073,95.70%,1543,"21,321"
NICHOLAS,"20,386",1074,76.60%,1205,"26,628"
MEAD,"20,372",1075,92.90%,1494,"21,919"
DOOLEY,"20,370",1076,89.30%,1439,"22,798"
KAY,"20,360",1077,87.80%,1402,"23,189"
HEALY,"20,349",1078,95.10%,1540,"21,407"
GROVE,"20,332",1079,92.50%,1487,"21,969"
MANLEY,"20,301",1080,80.70%,1288,"25,159"
BLANTON,"20,243",1081,85.50%,1375,"23,665"
MCKNIGHT,"20,232",1082,62.50%,980,"32,386"
TOMPKINS,"20,218",1083,86.20%,1385,"23,468"
GREENBERG,"20,189",1084,96.60%,1574,"20,908"
BOYCE,"20,183",1085,76.90%,1223,"26,229"
FRASER,"20,168",1086,81.90%,1312,"24,616"
RUTLEDGE,"20,111",1087,77.30%,1241,"26,010"
BURRIS,"20,060",1088,77.20%,1242,"25,998"
GREENWOOD,"20,060",1088,82.50%,1334,"24,301"
GUNTER,"20,054",1090,84.30%,1368,"23,775"
BLOCK,"20,040",1091,92.40%,1518,"21,686"
SHERIDAN,"20,036",1092,92.50%,1521,"21,668"
CLIFFORD,"20,031",1093,91.20%,1486,"21,974"
CHARLES,"20,025",1094,38.90%,589,"51,518"
COTE,"19,968",1095,95.60%,1575,"20,894"
GEIGER,"19,959",1096,91.60%,1503,"21,785"
LINK,"19,949",1097,92.60%,1534,"21,553"
QUICK,"19,948",1098,82.80%,1347,"24,095"
KAUFFMAN,"19,940",1099,96.90%,1602,"20,576"
HATCHER,"19,925",1100,70.10%,1127,"28,424"
SINCLAIR,"19,914",1101,76.60%,1239,"26,014"
ERWIN,"19,873",1102,89.80%,1475,"22,120"
HAND,"19,857",1103,90.10%,1481,"22,034"
ALFORD,"19,845",1104,66.00%,1064,"30,050"
SHEETS,"19,828",1105,95.40%,1582,"20,786"
TALLEY,"19,811",1106,68.10%,1101,"29,082"
CORBIN,"19,796",1107,77.00%,1253,"25,696"
DUBOIS,"19,792",1108,88.10%,1459,"22,455"
DAHL,"19,787",1109,96.00%,1599,"20,616"
GAGNON,"19,748",1110,96.00%,1604,"20,567"
DICK,"19,727",1111,89.90%,1492,"21,933"
MAURER,"19,727",1111,97.00%,1616,"20,333"
DUGAN,"19,723",1113,92.70%,1547,"21,267"
DICKEY,"19,713",1114,84.20%,1388,"23,401"
METZGER,"19,689",1115,96.60%,1613,"20,386"
CLEMENT,"19,676",1116,84.70%,1398,"23,233"
TORRES,"19,673",1117,6.10%,50,"325,169"
GRACE,"19,666",1118,73.60%,1200,"26,727"
GUY,"19,649",1119,70.30%,1150,"27,934"
HOLLEY,"19,630",1120,67.20%,1098,"29,215"
MAYFIELD,"19,620",1121,67.30%,1100,"29,136"
CHILDRESS,"19,549",1122,79.80%,1324,"24,485"
MCELROY,"19,545",1123,81.20%,1349,"24,064"
ELMORE,"19,521",1124,77.20%,1279,"25,280"
TEAGUE,"19,521",1124,82.30%,1371,"23,731"
HAGER,"19,501",1126,95.50%,1611,"20,422"
TERRELL,"19,477",1127,57.40%,946,"33,914"
HOYT,"19,460",1128,94.00%,1591,"20,707"
WHITLEY,"19,452",1129,74.60%,1236,"26,078"
BENJAMIN,"19,418",1130,53.30%,868,"36,439"
WILLARD,"19,406",1131,91.60%,1557,"21,183"
CARUSO,"19,400",1132,95.80%,1621,"20,257"
STILES,"19,398",1133,92.60%,1570,"20,957"
GONZALES,"19,393",1134,10.00%,110,"193,934"
SHERWOOD,"19,379",1135,92.30%,1567,"20,998"
BEAVER,"19,374",1136,88.20%,1488,"21,963"
LARKIN,"19,333",1137,84.00%,1418,"23,004"
GAMBLE,"19,306",1138,59.60%,981,"32,377"
KRUSE,"19,302",1139,96.40%,1637,"20,019"
PURCELL,"19,296",1140,88.90%,1517,"21,696"
CAHILL,"19,291",1141,95.60%,1625,"20,181"
PHIPPS,"19,284",1142,84.10%,1429,"22,919"
TOTH,"19,275",1143,96.80%,1649,"19,918"
FERRIS,"19,260",1144,92.90%,1585,"20,743"
WALDEN,"19,237",1145,79.70%,1343,"24,122"
HOLLINGSWORTH,"19,206",1146,82.50%,1396,"23,294"
VOSS,"19,203",1147,94.60%,1618,"20,291"
COKER,"19,184",1148,84.70%,1447,"22,636"
CORNELL,"19,152",1149,90.90%,1566,"21,060"
BUTCHER,"19,147",1150,86.70%,1478,"22,077"
JORGENSEN,"19,142",1151,96.20%,1650,"19,906"
GAINES,"19,117",1152,45.10%,739,"42,369"
MCFADDEN,"19,084",1153,63.20%,1058,"30,205"
MOSLEY,"19,082",1154,42.70%,699,"44,698"
NIX,"19,079",1155,83.60%,1437,"22,814"
PIPER,"19,072",1156,88.60%,1537,"21,526"
BOWLES,"19,063",1157,82.30%,1405,"23,157"
ROOT,"19,017",1158,95.10%,1641,"20,001"
STROUD,"19,013",1159,79.40%,1357,"23,946"
REECE,"18,942",1160,81.60%,1400,"23,216"
HERRON,"18,940",1161,73.50%,1248,"25,776"
SWIFT,"18,936",1162,79.90%,1372,"23,685"
MESSER,"18,925",1163,95.50%,1657,"19,819"
OHARA,"18,917",1164,89.80%,1565,"21,068"
DUNHAM,"18,916",1165,86.90%,1506,"21,772"
WILHELM,"18,901",1166,96.10%,1666,"19,664"
METZ,"18,879",1167,94.30%,1640,"20,010"
MEADE,"18,855",1168,88.70%,1548,"21,264"
URBAN,"18,852",1169,93.70%,1630,"20,117"
SCHAFFER,"18,844",1170,93.70%,1630,"20,117"
DRAPER,"18,840",1171,81.10%,1397,"23,242"
HERBERT,"18,820",1172,74.60%,1285,"25,224"
AMES,"18,819",1173,86.10%,1499,"21,855"
DALEY,"18,813",1174,81.30%,1408,"23,132"
NOEL,"18,790",1175,66.20%,1130,"28,401"
POE,"18,781",1176,82.10%,1433,"22,865"
STINSON,"18,775",1177,73.10%,1254,"25,694"
THACKER,"18,743",1178,91.30%,1607,"20,531"
BIGGS,"18,716",1179,82.70%,1448,"22,634"
HOLLIS,"18,702",1180,67.80%,1164,"27,597"
FINN,"18,665",1181,92.30%,1624,"20,218"
PEDERSEN,"18,661",1182,95.60%,1683,"19,510"
BERGERON,"18,633",1183,94.80%,1667,"19,655"
RAMEY,"18,617",1184,86.10%,1526,"21,618"
BARNHART,"18,583",1185,94.60%,1670,"19,642"
BURGER,"18,561",1186,94.40%,1668,"19,654"
BOUCHER,"18,551",1187,94.90%,1677,"19,554"
FOREMAN,"18,549",1188,68.40%,1186,"27,130"
SIZEMORE,"18,534",1189,94.50%,1674,"19,607"
COYLE,"18,532",1190,95.40%,1690,"19,424"
GRADY,"18,519",1191,73.70%,1290,"25,121"
BILLINGS,"18,519",1191,85.10%,1509,"21,764"
ABRAMS,"18,506",1193,74.10%,1295,"24,961"
CULLEN,"18,503",1194,94.10%,1665,"19,665"
GODWIN,"18,495",1195,83.80%,1480,"22,062"
MCGILL,"18,485",1196,70.10%,1218,"26,354"
HINTON,"18,474",1197,55.60%,962,"33,209"
PAULSON,"18,467",1198,95.70%,1705,"19,299"
CUMMINS,"18,446",1199,91.90%,1633,"20,072"
LESLIE,"18,428",1200,75.90%,1335,"24,266"
KOEHLER,"18,418",1201,96.70%,1725,"19,037"
MCNEIL,"18,388",1202,55.30%,961,"33,239"
LOVELL,"18,382",1203,89.10%,1596,"20,628"
WOMACK,"18,366",1204,68.30%,1194,"26,890"
MINER,"18,344",1205,88.90%,1597,"20,627"
LEVIN,"18,342",1206,96.20%,1721,"19,070"
DIAMOND,"18,330",1207,87.90%,1578,"20,860"
YOST,"18,297",1208,96.50%,1733,"18,959"
WASHBURN,"18,268",1209,93.70%,1685,"19,505"
MILLIGAN,"18,265",1210,83.50%,1497,"21,887"
ALDRIDGE,"18,233",1211,82.30%,1472,"22,160"
KEENAN,"18,215",1212,94.50%,1707,"19,275"
SMART,"18,208",1213,75.50%,1344,"24,114"
ENGLE,"18,198",1214,95.70%,1727,"19,022"
WHALEY,"18,174",1215,82.60%,1484,"22,000"
JACOBSEN,"18,155",1216,96.40%,1743,"18,831"
PEACOCK,"18,147",1217,86.00%,1564,"21,106"
SILVER,"18,136",1218,82.60%,1489,"21,956"
WESTON,"18,097",1219,73.30%,1308,"24,679"
CONNORS,"18,091",1220,93.60%,1703,"19,320"
DORSEY,"18,073",1221,44.00%,763,"41,104"
SWAN,"18,052",1222,81.70%,1477,"22,082"
CRONIN,"18,051",1223,96.50%,1756,"18,710"
CREWS,"18,010",1224,77.70%,1404,"23,167"
BARNARD,"18,008",1225,92.30%,1681,"19,517"
GORE,"18,002",1226,73.60%,1326,"24,449"
ROUSE,"18,001",1227,71.90%,1292,"25,022"
CHAPPELL,"17,980",1228,78.20%,1419,"23,001"
KILGORE,"17,979",1229,84.60%,1548,"21,264"
NOWAK,"17,978",1230,97.10%,1777,"18,515"
GIFFORD,"17,956",1231,93.70%,1716,"19,171"
WHITMAN,"17,955",1232,90.60%,1656,"19,827"
SPANGLER,"17,907",1233,96.00%,1761,"18,653"
DIEHL,"17,889",1234,96.50%,1772,"18,538"
BROUSSARD,"17,888",1235,69.50%,1249,"25,735"
DIETZ,"17,883",1236,96.30%,1768,"18,568"
CHRISTIANSEN,"17,869",1237,95.70%,1760,"18,676"
BONNER,"17,866",1238,56.30%,1005,"31,761"
EDDY,"17,853",1239,92.80%,1710,"19,230"
ERNST,"17,841",1240,96.30%,1775,"18,521"
SHELDON,"17,835",1241,92.70%,1708,"19,246"
TEMPLE,"17,828",1242,81.90%,1507,"21,771"
HOUSER,"17,821",1243,88.80%,1632,"20,078"
GILLIAM,"17,808",1244,63.40%,1141,"28,075"
MCCRACKEN,"17,806",1245,93.80%,1732,"18,975"
CHILDS,"17,761",1246,65.10%,1178,"27,266"
CROCKER,"17,754",1247,88.60%,1635,"20,047"
MCKINLEY,"17,752",1248,76.80%,1410,"23,124"
RIVERA,"17,728",1249,5.90%,59,"299,463"
CASTLE,"17,722",1250,89.60%,1661,"19,768"
BRAGG,"17,721",1251,82.30%,1536,"21,540"
GOODRICH,"17,717",1252,91.30%,1692,"19,399"
COULTER,"17,714",1253,87.50%,1622,"20,252"
TIDWELL,"17,711",1254,85.60%,1595,"20,681"
DAVISON,"17,702",1255,81.90%,1524,"21,627"
CAUDILL,"17,702",1255,96.50%,1799,"18,336"
YARBROUGH,"17,689",1257,73.50%,1350,"24,063"
LOCKHART,"17,674",1258,65.80%,1195,"26,844"
BOWDEN,"17,670",1259,74.60%,1373,"23,677"
PLUMMER,"17,665",1260,71.60%,1309,"24,665"
HAGAN,"17,614",1261,88.20%,1643,"19,973"
VICKERS,"17,597",1262,81.70%,1535,"21,544"
BUNCH,"17,591",1263,81.50%,1529,"21,574"
DREW,"17,575",1264,77.90%,1451,"22,555"
KOWALSKI,"17,572",1265,96.90%,1817,"18,134"
LANDIS,"17,564",1266,95.50%,1792,"18,388"
MCHUGH,"17,552",1267,96.40%,1813,"18,206"
NORTH,"17,544",1268,86.70%,1623,"20,238"
KENDRICK,"17,535",1269,66.80%,1222,"26,266"
TACKETT,"17,529",1270,95.60%,1800,"18,332"
THOMASON,"17,506",1271,89.50%,1678,"19,549"
KRAUS,"17,497",1272,96.60%,1820,"18,107"
MCGRAW,"17,489",1273,84.50%,1592,"20,704"
SHIPLEY,"17,482",1274,93.10%,1748,"18,770"
DUVALL,"17,475",1275,90.20%,1698,"19,369"
MAGEE,"17,472",1276,67.10%,1237,"26,031"
HOSKINS,"17,472",1276,74.80%,1391,"23,358"
BOSWELL,"17,456",1278,79.60%,1493,"21,927"
FLORES,"17,413",1279,5.60%,55,"312,615"
DEAL,"17,399",1280,86.40%,1629,"20,128"
RIZZO,"17,368",1281,94.20%,1784,"18,445"
BEYER,"17,339",1282,96.80%,1843,"17,910"
BASSETT,"17,312",1283,86.40%,1636,"20,032"
WADDELL,"17,295",1284,82.80%,1576,"20,885"
LAND,"17,290",1285,83.60%,1594,"20,687"
BERNSTEIN,"17,283",1286,96.20%,1834,"17,969"
LOCKWOOD,"17,257",1287,89.00%,1695,"19,386"
PETTIT,"17,250",1288,92.50%,1761,"18,653"
HEDRICK,"17,202",1289,93.70%,1795,"18,359"
SADLER,"17,201",1290,82.10%,1571,"20,939"
LEDFORD,"17,196",1291,94.20%,1807,"18,264"
HANLEY,"17,183",1292,89.70%,1718,"19,160"
GRIGGS,"17,168",1293,72.30%,1369,"23,756"
PUTNAM,"17,159",1294,95.40%,1831,"17,990"
GROSSMAN,"17,148",1295,96.30%,1854,"17,811"
RAMIREZ,"17,115",1296,4.40%,42,"388,987"
CARTWRIGHT,"17,115",1296,79.00%,1522,"21,654"
MINOR,"17,066",1298,57.60%,1078,"29,634"
CAPPS,"17,062",1299,94.70%,1830,"18,013"
LOTT,"17,060",1300,67.90%,1291,"25,118"
WISEMAN,"17,054",1301,90.70%,1745,"18,813"
LILLY,"17,046",1302,78.40%,1511,"21,742"
NEELY,"17,022",1303,73.00%,1393,"23,308"
COTTON,"17,020",1304,53.60%,1006,"31,759"
PRYOR,"17,005",1305,62.80%,1189,"27,065"
COLVIN,"16,996",1306,77.60%,1495,"21,908"
ASH,"16,995",1307,82.90%,1609,"20,500"
OGDEN,"16,995",1307,92.10%,1782,"18,461"
BRANDON,"16,968",1309,66.30%,1260,"25,600"
VOGT,"16,957",1310,95.60%,1863,"17,739"
GALLO,"16,951",1311,80.20%,1560,"21,149"
CARLTON,"16,948",1312,81.80%,1587,"20,727"
BERGMAN,"16,941",1313,95.90%,1868,"17,671"
MCMULLEN,"16,938",1314,84.70%,1642,"19,998"
LATHAM,"16,934",1315,80.90%,1572,"20,935"
FLAHERTY,"16,918",1316,96.60%,1881,"17,513"
RING,"16,906",1317,88.00%,1712,"19,222"
NANCE,"16,889",1318,73.80%,1431,"22,900"
LAYTON,"16,878",1319,89.90%,1746,"18,781"
STACY,"16,864",1320,91.30%,1782,"18,461"
IVEY,"16,828",1321,74.60%,1452,"22,552"
DILLARD,"16,824",1322,55.90%,1062,"30,118"
SWAIN,"16,821",1323,69.50%,1338,"24,220"
FORREST,"16,821",1323,76.00%,1474,"22,124"
DUNBAR,"16,818",1325,67.60%,1299,"24,871"
TRIPP,"16,818",1325,84.60%,1653,"19,886"
RHOADES,"16,798",1327,93.60%,1838,"17,952"
GOLD,"16,743",1328,91.80%,1810,"18,237"
COPE,"16,735",1329,92.40%,1819,"18,110"
ALBRECHT,"16,731",1330,97.00%,1914,"17,256"
DOTY,"16,719",1331,93.50%,1848,"17,874"
ZIMMER,"16,719",1331,96.60%,1907,"17,315"
DELONG,"16,710",1333,95.10%,1875,"17,575"
MOBLEY,"16,688",1334,60.40%,1160,"27,648"
WEIR,"16,677",1335,89.70%,1767,"18,588"
PELLETIER,"16,676",1336,96.60%,1911,"17,267"
VINSON,"16,630",1337,67.70%,1318,"24,557"
BULLARD,"16,627",1338,73.80%,1453,"22,539"
SKAGGS,"16,626",1339,94.60%,1876,"17,569"
RAINES,"16,610",1340,81.50%,1614,"20,373"
BAUMAN,"16,581",1341,95.70%,1904,"17,328"
LEDBETTER,"16,567",1342,86.20%,1712,"19,222"
BLUM,"16,565",1343,96.00%,1913,"17,262"
SCHUSTER,"16,549",1344,96.10%,1916,"17,221"
WINN,"16,548",1345,76.70%,1532,"21,566"
ECKERT,"16,548",1345,96.40%,1925,"17,161"
HYATT,"16,529",1347,89.90%,1791,"18,396"
HADLEY,"16,527",1348,79.80%,1590,"20,710"
SHULTZ,"16,523",1349,96.00%,1919,"17,204"
SNELL,"16,513",1350,77.90%,1556,"21,192"
MOHR,"16,513",1350,96.30%,1927,"17,153"
HATHAWAY,"16,506",1352,91.50%,1826,"18,041"
CORCORAN,"16,505",1353,95.30%,1905,"17,321"
OMALLEY,"16,499",1354,96.90%,1938,"17,027"
MANSFIELD,"16,495",1355,89.20%,1780,"18,498"
HOFF,"16,458",1356,94.50%,1893,"17,408"
ABEL,"16,452",1357,90.20%,1809,"18,243"
TOBIN,"16,445",1358,90.70%,1816,"18,135"
FARR,"16,438",1359,85.40%,1709,"19,242"
STERLING,"16,422",1360,67.50%,1333,"24,314"
BERMAN,"16,416",1361,94.60%,1901,"17,346"
KISER,"16,414",1362,92.80%,1865,"17,693"
THURMAN,"16,404",1363,72.70%,1450,"22,564"
LAIRD,"16,401",1364,91.00%,1828,"18,031"
BUCKNER,"16,386",1365,69.30%,1376,"23,645"
SHEARER,"16,348",1366,93.20%,1878,"17,545"
HINSON,"16,339",1367,84.70%,1706,"19,293"
BATEMAN,"16,330",1368,89.20%,1801,"18,313"
BRANCH,"16,266",1369,49.20%,967,"33,040"
PLATT,"16,235",1370,88.30%,1793,"18,376"
CROWDER,"16,213",1371,69.30%,1387,"23,409"
GRECO,"16,178",1372,95.10%,1941,"17,013"
WELLER,"16,168",1373,95.60%,1951,"16,916"
CARLISLE,"16,165",1374,82.00%,1663,"19,718"
CAGLE,"16,163",1375,93.00%,1898,"17,380"
HIRSCH,"16,162",1376,95.80%,1959,"16,864"
OKEEFE,"16,156",1377,96.00%,1966,"16,829"
MCGOVERN,"16,155",1378,96.50%,1979,"16,739"
FITCH,"16,154",1379,86.20%,1753,"18,740"
STORY,"16,146",1380,85.30%,1735,"18,935"
HANKINS,"16,113",1381,76.20%,1561,"21,138"
BUSCH,"16,112",1382,94.30%,1935,"17,089"
NAPIER,"16,091",1383,85.90%,1755,"18,726"
BUTTS,"16,087",1384,68.30%,1381,"23,540"
GOMEZ,"16,079",1385,6.10%,68,"263,590"
BENOIT,"16,072",1386,85.30%,1741,"18,842"
ROMERO,"16,054",1387,10.40%,154,"153,772"
REEDER,"16,043",1388,85.50%,1750,"18,768"
ALLRED,"16,031",1389,94.60%,1948,"16,951"
NEUMANN,"16,031",1389,96.00%,1992,"16,697"
MCWILLIAMS,"16,029",1391,79.60%,1628,"20,135"
MCCORMACK,"16,015",1392,93.80%,1936,"17,074"
KNUTSON,"16,015",1392,96.70%,2009,"16,560"
RICHEY,"16,010",1394,89.20%,1839,"17,950"
ULRICH,"15,997",1395,96.50%,2006,"16,575"
SUMNER,"15,993",1396,89.70%,1851,"17,837"
DARLING,"15,970",1397,89.40%,1849,"17,855"
ALDRICH,"15,955",1398,93.80%,1939,"17,017"
PAPPAS,"15,955",1398,95.20%,1977,"16,754"
BRAND,"15,954",1400,85.10%,1751,"18,750"
SCHRADER,"15,950",1401,96.90%,2021,"16,464"
ROCK,"15,943",1402,86.10%,1779,"18,510"
KEEN,"15,933",1403,92.00%,1906,"17,320"
CAVANAUGH,"15,932",1404,93.00%,1930,"17,137"
ROSENTHAL,"15,931",1405,94.40%,1956,"16,881"
SOUZA,"15,925",1406,79.00%,1627,"20,168"
QUIGLEY,"15,904",1407,94.60%,1973,"16,810"
SCHULTE,"15,902",1408,97.40%,2037,"16,327"
KOHLER,"15,871",1409,96.30%,2018,"16,477"
BEAL,"15,868",1410,79.70%,1648,"19,922"
SPAULDING,"15,868",1410,85.60%,1774,"18,527"
JUDD,"15,852",1412,90.40%,1879,"17,532"
DARNELL,"15,848",1413,89.20%,1859,"17,775"
BURKETT,"15,840",1414,88.20%,1837,"17,959"
CATES,"15,826",1415,88.40%,1844,"17,907"
FERNANDEZ,"15,811",1416,11.40%,178,"139,302"
MAYES,"15,797",1417,63.60%,1302,"24,853"
DILL,"15,792",1418,89.90%,1877,"17,562"
WYNN,"15,791",1419,56.30%,1142,"28,048"
SCHWAB,"15,772",1420,96.60%,2035,"16,332"
MADSEN,"15,766",1421,96.00%,2024,"16,425"
BLAND,"15,757",1422,62.50%,1286,"25,219"
GERBER,"15,753",1423,96.40%,2033,"16,348"
COON,"15,736",1424,93.20%,1955,"16,890"
BENEDICT,"15,716",1425,93.30%,1964,"16,846"
JOYNER,"15,691",1426,55.60%,1134,"28,216"
KEATING,"15,687",1427,95.70%,2027,"16,392"
JAMISON,"15,666",1428,59.20%,1211,"26,476"
PACK,"15,639",1429,84.40%,1772,"18,538"
KINCAID,"15,613",1430,87.60%,1852,"17,833"
HACKETT,"15,609",1431,79.50%,1671,"19,637"
THAYER,"15,609",1431,94.60%,2014,"16,496"
GUIDRY,"15,606",1433,78.20%,1645,"19,967"
GUNN,"15,584",1434,70.50%,1475,"22,120"
OAKES,"15,583",1435,91.60%,1943,"17,008"
ADLER,"15,583",1435,95.60%,2041,"16,305"
CALVERT,"15,560",1437,90.60%,1922,"17,169"
OROURKE,"15,559",1438,95.70%,2044,"16,263"
CONROY,"15,556",1439,95.40%,2040,"16,309"
HAY,"15,548",1440,87.20%,1853,"17,824"
SHOOK,"15,538",1441,95.90%,2050,"16,202"
BAER,"15,535",1442,96.10%,2052,"16,165"
DIAZ,"15,534",1443,6.20%,73,"251,772"
MICHAELS,"15,531",1444,93.00%,1994,"16,696"
MURDOCK,"15,530",1445,81.60%,1724,"19,041"
SLAUGHTER,"15,525",1446,59.50%,1234,"26,088"
TYSON,"15,521",1447,55.60%,1152,"27,911"
KEARNEY,"15,510",1448,77.80%,1647,"19,938"
LIGHT,"15,486",1449,92.90%,1996,"16,671"
COATES,"15,483",1450,71.50%,1523,"21,652"
ATWOOD,"15,477",1451,92.40%,1977,"16,754"
HARDEN,"15,475",1452,61.30%,1284,"25,241"
SCHREIBER,"15,460",1453,97.00%,2086,"15,945"
SHAVER,"15,436",1454,92.30%,1987,"16,716"
PRATER,"15,433",1455,83.10%,1769,"18,565"
MEDEIROS,"15,428",1456,85.10%,1818,"18,121"
DUTTON,"15,424",1457,92.00%,1976,"16,774"
MUNSON,"15,421",1458,88.90%,1902,"17,345"
HOFFMANN,"15,421",1458,96.60%,2082,"15,970"
READ,"15,419",1460,92.10%,1981,"16,736"
LANDERS,"15,412",1461,84.20%,1802,"18,308"
SCHILLING,"15,412",1461,96.50%,2083,"15,968"
BAUM,"15,374",1463,95.40%,2060,"16,109"
HUTTON,"15,369",1464,85.60%,1836,"17,961"
ADAIR,"15,363",1465,85.50%,1834,"17,969"
SAPP,"15,354",1466,77.40%,1655,"19,847"
MAGUIRE,"15,346",1467,96.80%,2100,"15,853"
MCCOLLUM,"15,334",1468,79.30%,1700,"19,341"
STAPLETON,"15,327",1469,87.40%,1880,"17,529"
CRUM,"15,314",1470,87.70%,1889,"17,452"
HURT,"15,309",1471,73.80%,1584,"20,753"
RADER,"15,307",1472,94.40%,2047,"16,212"
WAITE,"15,289",1473,87.80%,1892,"17,415"
RIVERS,"15,284",1474,42.50%,879,"35,980"
DELUCA,"15,277",1475,95.90%,2089,"15,928"
JANSEN,"15,269",1476,95.20%,2072,"16,036"
EDMONDS,"15,264",1477,63.00%,1339,"24,210"
DOSS,"15,263",1478,74.00%,1598,"20,623"
GIORDANO,"15,261",1479,95.20%,2072,"16,036"
MARCUM,"15,255",1480,95.80%,2090,"15,925"
HURD,"15,253",1481,76.80%,1654,"19,856"
KENNY,"15,217",1482,90.50%,1972,"16,811"
CRANDALL,"15,215",1483,93.90%,2047,"16,212"
BRENNER,"15,200",1484,96.10%,2106,"15,809"
DORAN,"15,198",1485,92.10%,2013,"16,509"
FRIEND,"15,190",1486,87.70%,1908,"17,312"
DIETRICH,"15,186",1487,96.40%,2112,"15,761"
SORENSON,"15,176",1488,95.90%,2104,"15,833"
LACKEY,"15,175",1489,85.50%,1862,"17,749"
STALEY,"15,172",1490,83.90%,1824,"18,081"
SCHWARZ,"15,161",1491,96.50%,2119,"15,713"
HAWLEY,"15,154",1492,91.40%,2005,"16,578"
WALDRON,"15,143",1493,89.60%,1952,"16,908"
DOBBS,"15,138",1494,84.00%,1829,"18,021"
FERREIRA,"15,128",1495,67.80%,1465,"22,320"
MADISON,"15,127",1496,57.00%,1209,"26,548"
VANDYKE,"15,125",1497,91.80%,2019,"16,474"
STANFORD,"15,122",1498,73.40%,1601,"20,610"
TRENT,"15,113",1499,80.90%,1759,"18,679"
LAUGHLIN,"15,112",1500,93.90%,2062,"16,097"
JEFFRIES,"15,103",1501,66.10%,1435,"22,839"
MATTSON,"15,103",1501,95.40%,2105,"15,825"
MCLAIN,"15,100",1503,88.90%,1945,"16,978"
WETZEL,"15,100",1503,96.30%,2121,"15,674"
BURKHART,"15,089",1505,96.00%,2117,"15,718"
ROMAN,"15,086",1506,25.60%,507,"59,020"
HENNING,"15,084",1507,93.40%,2056,"16,153"
SANDS,"15,079",1508,81.80%,1787,"18,430"
HERNDON,"15,070",1509,80.00%,1742,"18,838"
HONEYCUTT,"15,051",1510,92.20%,2036,"16,330"
FONTENOT,"15,047",1511,78.40%,1715,"19,203"
SHEFFIELD,"15,038",1512,79.20%,1730,"18,983"
HORVATH,"15,035",1513,96.80%,2147,"15,538"
BROWNE,"15,032",1514,71.20%,1563,"21,109"
MCNALLY,"15,019",1515,95.20%,2111,"15,768"
AMOS,"14,993",1516,65.70%,1436,"22,817"
LANGFORD,"14,989",1517,80.40%,1763,"18,650"
KEENE,"14,983",1518,87.30%,1925,"17,161"
CRAIN,"14,975",1519,87.50%,1934,"17,110"
ALTMAN,"14,975",1519,94.10%,2091,"15,916"
CODY,"14,969",1521,79.40%,1739,"18,853"
SPICER,"14,956",1522,83.50%,1846,"17,901"
SEWELL,"14,955",1523,72.10%,1586,"20,736"
SAUER,"14,951",1524,96.60%,2151,"15,474"
GOINS,"14,950",1525,68.40%,1498,"21,872"
MOSHER,"14,934",1526,95.80%,2134,"15,595"
NAGY,"14,933",1527,96.10%,2146,"15,545"
HELM,"14,930",1528,89.40%,1991,"16,700"
SYKES,"14,917",1529,56.50%,1214,"26,425"
EUBANKS,"14,910",1530,76.00%,1673,"19,616"
ROCHE,"14,901",1531,83.20%,1845,"17,905"
RUSHING,"14,879",1532,78.90%,1739,"18,853"
HENLEY,"14,852",1533,73.20%,1619,"20,276"
THORPE,"14,850",1534,70.80%,1569,"20,960"
CLEARY,"14,829",1535,94.50%,2120,"15,685"
GILLIS,"14,815",1536,80.40%,1786,"18,438"
ERVIN,"14,814",1537,60.40%,1321,"24,511"
SILVERMAN,"14,808",1538,96.80%,2179,"15,299"
ROPER,"14,790",1539,75.80%,1680,"19,520"
RUDOLPH,"14,779",1540,75.90%,1688,"19,462"
POSEY,"14,777",1541,75.20%,1669,"19,648"
HUGGINS,"14,761",1542,68.70%,1538,"21,499"
BURROWS,"14,757",1543,86.90%,1946,"16,972"
LUNSFORD,"14,754",1544,88.20%,1981,"16,736"
BAIN,"14,749",1545,87.60%,1965,"16,845"
LACY,"14,732",1546,66.20%,1467,"22,250"
DENNY,"14,732",1546,84.80%,1899,"17,366"
EASTMAN,"14,731",1548,90.40%,2042,"16,295"
CROCKETT,"14,720",1549,64.40%,1434,"22,850"
RAINEY,"14,715",1550,65.70%,1462,"22,397"
MOTT,"14,715",1550,86.50%,1941,"17,013"
GAUTHIER,"14,711",1552,89.60%,2025,"16,419"
WESTBROOK,"14,693",1553,74.30%,1660,"19,781"
CULVER,"14,681",1554,85.20%,1915,"17,231"
HAUSER,"14,673",1555,93.80%,2125,"15,648"
REAGAN,"14,668",1556,93.60%,2122,"15,673"
IRVIN,"14,660",1557,70.60%,1583,"20,776"
RIDER,"14,660",1557,91.40%,2071,"16,048"
DOBSON,"14,652",1559,79.90%,1798,"18,342"
HANKS,"14,649",1560,85.50%,1928,"17,141"
SAYLOR,"14,631",1561,94.10%,2145,"15,547"
STAUFFER,"14,624",1562,97.20%,2217,"15,045"
SCHAEFFER,"14,611",1563,94.60%,2156,"15,448"
JARRETT,"14,592",1564,71.40%,1610,"20,449"
FAGAN,"14,586",1565,86.90%,1975,"16,779"
LOMBARDO,"14,581",1566,94.90%,2167,"15,368"
OAKLEY,"14,579",1567,87.10%,1984,"16,733"
STREET,"14,563",1568,75.40%,1701,"19,322"
KYLE,"14,551",1569,82.00%,1861,"17,750"
CORNELIUS,"14,547",1570,75.20%,1699,"19,342"
HUDDLESTON,"14,527",1571,86.10%,1957,"16,872"
MONAHAN,"14,526",1572,96.50%,2213,"15,058"
HUMPHRIES,"14,513",1573,81.60%,1857,"17,785"
CHRISTIE,"14,509",1574,82.50%,1874,"17,582"
REDMOND,"14,478",1575,69.20%,1573,"20,919"
PARR,"14,468",1576,89.80%,2057,"16,120"
HUMMEL,"14,463",1577,97.20%,2244,"14,878"
STONER,"14,452",1578,92.70%,2136,"15,590"
JACOB,"14,431",1579,67.60%,1541,"21,354"
WEINER,"14,428",1580,96.80%,2238,"14,903"
CHADWICK,"14,408",1581,90.50%,2093,"15,913"
BECKMAN,"14,385",1582,94.90%,2199,"15,164"
GENTILE,"14,382",1583,96.30%,2230,"14,938"
HUSTON,"14,368",1584,87.80%,2030,"16,364"
VARNER,"14,301",1585,82.80%,1910,"17,274"
LENTZ,"14,295",1586,96.10%,2248,"14,869"
PYLE,"14,271",1587,94.70%,2212,"15,066"
WHITT,"14,252",1588,86.40%,2016,"16,488"
CARMICHAEL,"14,249",1589,75.00%,1729,"19,011"
THORNE,"14,239",1590,78.10%,1812,"18,222"
LEONE,"14,234",1591,94.60%,2216,"15,047"
BURKS,"14,230",1592,54.50%,1232,"26,115"
GROVER,"14,217",1593,85.90%,2010,"16,551"
SIMMS,"14,189",1594,54.00%,1221,"26,296"
CORNETT,"14,187",1595,92.60%,2176,"15,314"
BURNHAM,"14,187",1595,92.70%,2179,"15,299"
SPIVEY,"14,167",1597,69.60%,1615,"20,349"
HAWK,"14,158",1598,87.20%,2045,"16,240"
CALL,"14,144",1599,94.90%,2238,"14,903"
COE,"14,133",1600,84.60%,1989,"16,706"
GRUBB,"14,122",1601,95.80%,2262,"14,740"
MCCORD,"14,119",1602,82.00%,1918,"17,216"
LADD,"14,119",1602,88.80%,2096,"15,898"
ADAMSON,"14,118",1604,87.80%,2065,"16,080"
NUGENT,"14,094",1605,90.40%,2132,"15,599"
LANIER,"14,090",1606,69.80%,1625,"20,181"
DUFF,"14,078",1607,87.30%,2058,"16,119"
BRUNNER,"14,076",1608,93.20%,2207,"15,105"
ARNETT,"14,060",1609,87.70%,2075,"16,027"
BRYSON,"14,050",1610,79.50%,1867,"17,680"
MATTINGLY,"14,009",1611,95.60%,2273,"14,661"
WHITTINGTON,"14,008",1612,81.60%,1924,"17,163"
SYLVESTER,"14,007",1613,75.90%,1784,"18,445"
TIMMONS,"14,006",1614,70.40%,1651,"19,900"
COMER,"14,002",1615,84.30%,2001,"16,619"
UNGER,"13,999",1616,95.40%,2272,"14,668"
KERNS,"13,995",1617,92.60%,2206,"15,113"
TALBOT,"13,995",1617,93.10%,2221,"15,027"
FAY,"13,992",1619,93.30%,2225,"14,992"
LANGSTON,"13,989",1620,73.70%,1731,"18,979"
DOWLING,"13,982",1621,89.70%,2137,"15,581"
COTTRELL,"13,960",1622,85.70%,2043,"16,288"
GANNON,"13,956",1623,95.80%,2286,"14,565"
COREY,"13,948",1624,90.10%,2149,"15,488"
CORMIER,"13,930",1625,84.40%,2012,"16,513"
BEEBE,"13,926",1626,94.00%,2256,"14,813"
BURK,"13,922",1627,92.50%,2215,"15,048"
AMBROSE,"13,919",1628,83.40%,1992,"16,697"
CROWELL,"13,916",1629,81.20%,1931,"17,136"
MARCUS,"13,904",1630,80.10%,1900,"17,360"
RAMOS,"13,903",1631,7.20%,112,"193,096"
TILLEY,"13,901",1632,89.30%,2143,"15,560"
KELLOGG,"13,896",1633,90.80%,2178,"15,302"
HOLLIDAY,"13,883",1634,71.20%,1686,"19,488"
DEMARCO,"13,871",1635,95.90%,2300,"14,463"
WAGONER,"13,870",1636,93.50%,2252,"14,841"
CRAVEN,"13,858",1637,91.50%,2201,"15,149"
BETTS,"13,844",1638,72.10%,1714,"19,209"
BREWSTER,"13,843",1639,74.60%,1770,"18,554"
QUEEN,"13,842",1640,77.40%,1847,"17,881"
TILLMAN,"13,833",1641,47.90%,1110,"28,878"
STJOHN,"13,824",1642,88.30%,2123,"15,663"
OSWALD,"13,800",1643,96.30%,2313,"14,332"
COUGHLIN,"13,794",1644,97.00%,2333,"14,226"
ASHBY,"13,790",1645,82.50%,1985,"16,723"
LORENZ,"13,789",1646,95.10%,2295,"14,501"
KAMINSKI,"13,788",1647,97.20%,2337,"14,190"
SCHULER,"13,782",1648,93.80%,2267,"14,695"
FENTON,"13,771",1649,90.50%,2193,"15,220"
MEEHAN,"13,767",1650,96.00%,2310,"14,348"
CRUZ,"13,748",1651,5.90%,82,"231,065"
NAGEL,"13,741",1652,96.30%,2325,"14,270"
BARGER,"13,739",1653,93.90%,2275,"14,635"
ENNIS,"13,725",1654,85.20%,2061,"16,102"
BARTH,"13,722",1655,96.10%,2322,"14,283"
LOOMIS,"13,716",1656,95.80%,2314,"14,311"
FAUST,"13,714",1657,86.80%,2108,"15,799"
ROLAND,"13,702",1658,73.10%,1752,"18,742"
PEREIRA,"13,693",1659,59.70%,1428,"22,921"
IVERSON,"13,683",1660,89.00%,2168,"15,366"
REARDON,"13,673",1661,95.70%,2320,"14,287"
JEFFERS,"13,671",1662,80.90%,1954,"16,895"
ANDERS,"13,667",1663,88.90%,2165,"15,375"
BLEDSOE,"13,651",1664,76.10%,1841,"17,934"
BAUMANN,"13,639",1665,96.50%,2349,"14,131"
PRESLEY,"13,621",1666,77.00%,1866,"17,687"
HARE,"13,621",1666,86.50%,2114,"15,739"
WOODY,"13,611",1668,75.30%,1825,"18,069"
VERNON,"13,594",1669,78.70%,1911,"17,267"
WAGGONER,"13,592",1670,93.40%,2287,"14,556"
ROWLEY,"13,579",1671,92.00%,2261,"14,760"
WOODALL,"13,573",1672,85.50%,2097,"15,877"
CLEMONS,"13,555",1673,53.70%,1282,"25,265"
GOODE,"13,555",1673,63.90%,1553,"21,226"
MELVIN,"13,555",1673,69.40%,1679,"19,523"
CONN,"13,550",1676,93.10%,2288,"14,553"
HARMAN,"13,539",1677,95.10%,2328,"14,237"
PRESCOTT,"13,531",1678,81.10%,1995,"16,686"
HANNAH,"13,528",1679,70.60%,1717,"19,164"
STUMP,"13,516",1680,95.40%,2340,"14,171"
MEEK,"13,509",1681,92.90%,2289,"14,549"
BURDICK,"13,506",1682,95.60%,2349,"14,131"
CORLEY,"13,501",1683,76.70%,1872,"17,609"
FLOOD,"13,500",1684,81.10%,1998,"16,652"
POWER,"13,499",1685,90.90%,2250,"14,846"
NAYLOR,"13,497",1686,84.70%,2088,"15,930"
ARNDT,"13,489",1687,96.00%,2361,"14,052"
GAGE,"13,481",1688,84.10%,2077,"16,022"
PEDERSON,"13,481",1688,96.10%,2366,"14,030"
NEWCOMB,"13,452",1690,94.50%,2331,"14,230"
TATUM,"13,451",1691,57.70%,1395,"23,300"
WHITLOCK,"13,442",1692,81.00%,2003,"16,603"
PFEIFFER,"13,433",1693,96.80%,2394,"13,870"
PURDY,"13,428",1694,89.60%,2226,"14,987"
MICHAUD,"13,425",1695,93.20%,2303,"14,408"
WHITFIELD,"13,423",1696,47.10%,1125,"28,475"
NEWSOME,"13,410",1697,58.80%,1438,"22,803"
MAIER,"13,408",1698,96.30%,2385,"13,929"
ROARK,"13,400",1699,95.20%,2355,"14,073"
BLISS,"13,387",1700,93.80%,2324,"14,273"
FOOTE,"13,383",1701,83.20%,2063,"16,093"
CUTLER,"13,379",1702,88.70%,2210,"15,087"
LAY,"13,376",1703,74.40%,1832,"17,979"
KEARNS,"13,376",1703,94.00%,2330,"14,234"
WEINSTEIN,"13,374",1705,96.80%,2407,"13,809"
DURBIN,"13,372",1706,95.30%,2364,"14,034"
STEARNS,"13,369",1707,92.60%,2302,"14,444"
PARIS,"13,365",1708,79.50%,1970,"16,813"
BOUDREAUX,"13,362",1709,87.70%,2190,"15,240"
RAPP,"13,362",1709,95.80%,2381,"13,951"
PURVIS,"13,360",1711,81.60%,2028,"16,381"
GODDARD,"13,346",1712,88.10%,2200,"15,157"
FOURNIER,"13,341",1713,93.80%,2335,"14,221"
HUTSON,"13,332",1714,86.40%,2160,"15,430"
LOMBARDI,"13,322",1715,96.30%,2402,"13,832"
BAGLEY,"13,321",1716,79.60%,1979,"16,739"
HAMLIN,"13,304",1717,81.30%,2031,"16,358"
GABRIEL,"13,302",1718,60.40%,1482,"22,013"
MOSELEY,"13,302",1718,79.50%,1981,"16,736"
ABRAHAM,"13,294",1720,51.70%,1250,"25,729"
BAUGHMAN,"13,292",1721,96.00%,2398,"13,847"
GEE,"13,290",1722,55.80%,1363,"23,826"
GRUBER,"13,287",1723,95.60%,2387,"13,903"
MULLIGAN,"13,281",1724,93.30%,2332,"14,229"
MCDONNELL,"13,279",1725,95.60%,2390,"13,892"
ALLEY,"13,276",1726,92.90%,2321,"14,285"
BRUNER,"13,275",1727,86.20%,2163,"15,404"
GRUBBS,"13,266",1728,85.80%,2155,"15,453"
GRANGER,"13,256",1729,79.30%,1986,"16,721"
MOCK,"13,242",1730,87.10%,2194,"15,208"
COVINGTON,"13,199",1731,52.00%,1272,"25,403"
GOLDSMITH,"13,197",1732,81.30%,2046,"16,238"
DEATON,"13,190",1733,95.40%,2404,"13,829"
PERDUE,"13,161",1734,82.50%,2085,"15,958"
SKELTON,"13,159",1735,90.50%,2291,"14,542"
MORELAND,"13,156",1736,76.60%,1921,"17,173"
WILLOUGHBY,"13,151",1737,84.20%,2130,"15,622"
BROWER,"13,146",1738,88.10%,2232,"14,930"
MAHAN,"13,137",1739,87.90%,2231,"14,937"
STODDARD,"13,135",1740,93.20%,2352,"14,096"
HILLIARD,"13,129",1741,67.10%,1675,"19,564"
RUTH,"13,122",1742,84.80%,2150,"15,481"
BARON,"13,117",1743,84.80%,2152,"15,464"
OGLE,"13,114",1744,93.30%,2362,"14,050"
LACEY,"13,105",1745,73.60%,1854,"17,811"
TABOR,"13,103",1746,87.00%,2213,"15,058"
RYDER,"13,099",1747,93.50%,2370,"14,004"
STARKEY,"13,093",1748,90.40%,2297,"14,483"
OUELLETTE,"13,090",1749,97.00%,2455,"13,498"
BURR,"13,073",1750,88.10%,2253,"14,839"
FOSS,"13,064",1751,95.10%,2418,"13,737"
CROUSE,"13,057",1752,95.60%,2430,"13,654"
KRUGER,"13,054",1753,96.00%,2439,"13,599"
PRITCHETT,"13,038",1754,71.10%,1796,"18,350"
MCMAHAN,"13,034",1755,92.60%,2356,"14,071"
ESTEP,"13,034",1755,94.50%,2411,"13,793"
COY,"13,032",1757,83.70%,2142,"15,561"
STRAUSS,"13,030",1758,95.00%,2420,"13,719"
BARTLEY,"13,019",1759,80.60%,2055,"16,154"
DAIGLE,"13,019",1759,94.50%,2412,"13,784"
HIGGINBOTHAM,"13,008",1761,90.30%,2304,"14,404"
HEATON,"13,005",1762,94.90%,2424,"13,700"
GOETZ,"13,005",1762,96.40%,2456,"13,495"
HECK,"13,003",1764,94.60%,2415,"13,744"
GUNDERSON,"13,000",1765,95.70%,2442,"13,583"
RENNER,"12,994",1766,95.90%,2448,"13,547"
JOHN,"12,992",1767,47.00%,1161,"27,643"
GRAF,"12,991",1768,95.80%,2445,"13,558"
LIND,"12,963",1769,90.60%,2316,"14,302"
ABERNATHY,"12,960",1770,80.00%,2051,"16,194"
LAWLER,"12,955",1771,91.30%,2336,"14,194"
CLEMENS,"12,952",1772,92.50%,2373,"13,995"
BARTHOLOMEW,"12,941",1773,88.10%,2266,"14,696"
HOUGH,"12,937",1774,85.70%,2208,"15,090"
GALE,"12,935",1775,85.10%,2197,"15,193"
ROONEY,"12,930",1776,95.60%,2450,"13,527"
HARMS,"12,923",1777,96.00%,2459,"13,468"
STRINGER,"12,920",1778,77.70%,1999,"16,634"
SMALLWOOD,"12,914",1779,70.90%,1811,"18,227"
PRIEST,"12,914",1779,90.00%,2309,"14,350"
WHITTAKER,"12,913",1781,78.50%,2023,"16,441"
DONOHUE,"12,908",1782,96.20%,2466,"13,416"
TIERNEY,"12,895",1783,97.20%,2491,"13,262"
EPSTEIN,"12,878",1784,97.10%,2489,"13,269"
STUBBS,"12,875",1785,67.50%,1722,"19,068"
TROYER,"12,866",1786,98.30%,2536,"13,091"
HAMBY,"12,850",1787,93.10%,2409,"13,802"
KAHN,"12,841",1788,88.10%,2284,"14,570"
TRIMBLE,"12,821",1789,82.30%,2138,"15,576"
HOGUE,"12,815",1790,83.00%,2159,"15,442"
LUKE,"12,810",1791,75.30%,1940,"17,016"
CHASTAIN,"12,801",1792,95.50%,2469,"13,403"
THURSTON,"12,800",1793,85.80%,2234,"14,918"
BRANNON,"12,798",1794,81.80%,2127,"15,640"
MALLOY,"12,797",1795,79.70%,2070,"16,056"
BOCK,"12,787",1796,95.60%,2476,"13,369"
IRELAND,"12,782",1797,90.20%,2342,"14,168"
HILLMAN,"12,775",1798,82.70%,2156,"15,448"
FAIRCHILD,"12,762",1799,93.20%,2424,"13,700"
FLINT,"12,757",1800,86.90%,2268,"14,683"
MORRISSEY,"12,753",1801,96.30%,2496,"13,244"
VANHORN,"12,752",1802,93.00%,2421,"13,716"
THARP,"12,752",1802,93.90%,2443,"13,578"
CARNES,"12,734",1804,89.90%,2344,"14,158"
ROWELL,"12,723",1805,82.30%,2154,"15,457"
FERRARA,"12,709",1806,95.10%,2480,"13,357"
CHEEK,"12,700",1807,81.60%,2140,"15,566"
CREECH,"12,699",1808,92.20%,2414,"13,770"
MOELLER,"12,678",1809,96.80%,2533,"13,094"
WILKES,"12,671",1810,71.20%,1856,"17,797"
PAYTON,"12,664",1811,55.60%,1440,"22,773"
MICHEL,"12,649",1812,58.90%,1539,"21,487"
HERRMANN,"12,649",1812,96.90%,2541,"13,056"
RUSS,"12,610",1814,73.60%,1931,"17,136"
SQUIRES,"12,604",1815,90.20%,2380,"13,969"
CHAMPION,"12,592",1816,74.50%,1953,"16,900"
LEARY,"12,574",1817,83.10%,2203,"15,127"
HITCHCOCK,"12,574",1817,92.00%,2427,"13,664"
TITUS,"12,569",1819,82.00%,2172,"15,321"
ELLER,"12,566",1820,94.90%,2497,"13,243"
WRAY,"12,564",1821,84.80%,2257,"14,812"
RINEHART,"12,560",1822,95.20%,2510,"13,192"
HACKER,"12,552",1823,95.20%,2513,"13,178"
MAJOR,"12,542",1824,63.40%,1659,"19,791"
WILES,"12,530",1825,90.70%,2406,"13,810"
BORDEN,"12,528",1826,81.70%,2171,"15,342"
GILLILAND,"12,523",1827,95.10%,2517,"13,170"
WORTHINGTON,"12,518",1828,89.20%,2363,"14,038"
MAST,"12,518",1828,97.30%,2587,"12,869"
OVERTON,"12,517",1830,69.20%,1822,"18,094"
YOUNGBLOOD,"12,507",1831,71.50%,1884,"17,485"
DEVRIES,"12,503",1832,96.50%,2567,"12,958"
SEAMAN,"12,498",1833,94.30%,2492,"13,260"
MCGREGOR,"12,493",1834,83.50%,2227,"14,969"
SCHERER,"12,480",1835,96.80%,2580,"12,889"
STARNES,"12,478",1836,90.10%,2400,"13,844"
BARNEY,"12,474",1837,80.20%,2144,"15,556"
WILLEY,"12,464",1838,94.80%,2521,"13,145"
MINTON,"12,457",1839,91.10%,2426,"13,667"
STCLAIR,"12,450",1840,87.10%,2318,"14,296"
MACKENZIE,"12,449",1841,94.50%,2515,"13,174"
LINCOLN,"12,445",1842,77.40%,2068,"16,070"
BURNETTE,"12,436",1843,75.80%,2026,"16,409"
HUMPHREYS,"12,434",1844,91.80%,2447,"13,548"
WISNIEWSKI,"12,431",1845,97.40%,2602,"12,760"
HEIN,"12,423",1846,95.90%,2569,"12,953"
DAMICO,"12,416",1847,95.80%,2565,"12,966"
BOUCHARD,"12,411",1848,96.40%,2586,"12,870"
BACHMAN,"12,410",1849,96.30%,2582,"12,887"
BEAM,"12,407",1850,93.80%,2502,"13,230"
FOUNTAIN,"12,405",1851,65.00%,1720,"19,094"
RHOADS,"12,404",1852,95.40%,2557,"13,008"
LUTHER,"12,401",1853,91.20%,2438,"13,601"
BRANTLEY,"12,399",1854,62.10%,1646,"19,953"
STALLINGS,"12,389",1855,73.70%,1968,"16,819"
STEWARD,"12,385",1856,57.40%,1533,"21,558"
WHITING,"12,382",1857,78.80%,2116,"15,719"
HOLM,"12,377",1858,96.00%,2578,"12,894"
WAHL,"12,367",1859,95.60%,2574,"12,933"
SOUSA,"12,363",1860,87.20%,2339,"14,183"
WESTFALL,"12,359",1861,95.30%,2564,"12,968"
PRUETT,"12,324",1862,94.00%,2526,"13,113"
LOVETT,"12,313",1863,66.80%,1789,"18,421"
ISAACS,"12,308",1864,85.60%,2306,"14,379"
DOW,"12,306",1865,84.20%,2278,"14,622"
MCNULTY,"12,306",1865,94.10%,2538,"13,080"
SHANK,"12,301",1867,94.10%,2539,"13,070"
GIVENS,"12,300",1868,51.60%,1364,"23,823"
SNODGRASS,"12,295",1869,94.80%,2566,"12,963"
SMILEY,"12,285",1870,64.60%,1728,"19,014"
CRUMP,"12,277",1871,61.50%,1643,"19,973"
ROBB,"12,274",1872,91.20%,2460,"13,455"
VITALE,"12,271",1873,95.70%,2593,"12,826"
STEINBERG,"12,265",1874,96.50%,2610,"12,715"
BUSBY,"12,254",1875,79.40%,2161,"15,424"
REYES,"12,230",1876,5.30%,81,"232,511"
EMMONS,"12,229",1877,92.90%,2518,"13,162"
ROWAN,"12,225",1878,88.60%,2408,"13,803"
UPTON,"12,221",1879,89.70%,2432,"13,630"
WENDT,"12,221",1879,95.90%,2605,"12,744"
SHELLEY,"12,218",1881,87.30%,2373,"13,995"
FUCHS,"12,211",1882,96.10%,2612,"12,707"
BOLES,"12,210",1883,83.40%,2274,"14,644"
BALES,"12,206",1884,93.70%,2550,"13,028"
RECTOR,"12,202",1885,89.70%,2437,"13,609"
MCCARTNEY,"12,198",1886,93.80%,2555,"13,011"
FINNEY,"12,197",1887,72.10%,1950,"16,919"
ELLSWORTH,"12,194",1888,92.30%,2506,"13,213"
NOONAN,"12,191",1889,96.40%,2625,"12,641"
MORALES,"12,188",1890,5.60%,90,"217,642"
STAPLES,"12,182",1891,73.50%,2007,"16,572"
WHITTEN,"12,182",1891,87.80%,2393,"13,876"
STRANGE,"12,180",1893,83.50%,2282,"14,582"
TROTTER,"12,178",1894,64.30%,1734,"18,946"
BLANK,"12,175",1895,95.80%,2613,"12,706"
SHIPMAN,"12,172",1896,81.60%,2235,"14,917"
POLK,"12,157",1897,47.80%,1270,"25,438"
GRAFF,"12,144",1898,96.40%,2637,"12,601"
PRATHER,"12,142",1899,77.70%,2129,"15,631"
CROOK,"12,139",1900,85.00%,2323,"14,279"
BELANGER,"12,131",1901,96.00%,2628,"12,634"
NICKERSON,"12,111",1902,78.60%,2162,"15,409"
TEMPLETON,"12,103",1903,91.00%,2483,"13,299"
BEAVERS,"12,100",1904,79.00%,2175,"15,316"
SCHELL,"12,095",1905,94.60%,2596,"12,785"
HOOK,"12,084",1906,91.70%,2516,"13,171"
KINSEY,"12,083",1907,78.70%,2169,"15,357"
RUCKER,"12,069",1908,48.00%,1287,"25,160"
MCNEILL,"12,049",1909,65.90%,1806,"18,272"
GRIFFITHS,"12,048",1910,88.80%,2444,"13,563"
HOPE,"12,043",1911,72.10%,1988,"16,710"
WATT,"12,040",1912,81.00%,2246,"14,872"
GARBER,"12,038",1913,95.90%,2646,"12,558"
PENDLETON,"12,031",1914,75.10%,2076,"16,026"
HOOKER,"12,030",1915,73.00%,2017,"16,479"
TRAHAN,"12,030",1915,87.60%,2419,"13,733"
CONDON,"12,023",1917,94.70%,2620,"12,690"
MESSINA,"12,021",1918,95.20%,2631,"12,626"
NORWOOD,"12,020",1919,55.40%,1520,"21,678"
DOUGLASS,"12,017",1920,84.40%,2329,"14,236"
HOUCK,"12,017",1920,96.50%,2667,"12,458"
KEENER,"12,015",1922,92.10%,2545,"13,046"
KENYON,"12,014",1923,95.20%,2635,"12,620"
WILL,"12,013",1924,91.20%,2514,"13,177"
DOWD,"12,010",1925,90.40%,2486,"13,279"
JERNIGAN,"12,001",1926,78.40%,2182,"15,298"
DENNISON,"12,001",1926,84.90%,2348,"14,132"
STOCK,"12,001",1926,96.20%,2657,"12,479"
ADCOCK,"12,000",1929,95.60%,2647,"12,550"
BRANHAM,"11,997",1930,88.50%,2446,"13,550"
EBERT,"11,992",1931,96.40%,2671,"12,440"
CHRISTY,"11,987",1932,90.20%,2484,"13,295"
FAIR,"11,981",1933,67.90%,1870,"17,658"
MCCAIN,"11,974",1934,66.80%,1842,"17,933"
SAMS,"11,974",1934,77.50%,2158,"15,446"
HERRINGTON,"11,974",1934,87.90%,2434,"13,628"
SEITZ,"11,970",1937,96.70%,2683,"12,375"
DANIELSON,"11,964",1938,94.80%,2633,"12,622"
KNOTT,"11,960",1939,85.40%,2369,"14,008"
CHENEY,"11,956",1940,92.20%,2563,"12,970"
BURROUGHS,"11,949",1941,71.50%,1990,"16,702"
SCHUBERT,"11,943",1942,95.90%,2664,"12,460"
JARRELL,"11,940",1943,90.30%,2504,"13,224"
PEASE,"11,922",1944,92.90%,2592,"12,828"
BREEN,"11,920",1945,90.10%,2499,"13,237"
DICKENS,"11,872",1946,65.30%,1814,"18,181"
CARRIER,"11,865",1947,88.50%,2467,"13,413"
TROUT,"11,864",1948,94.40%,2642,"12,569"
CURRIE,"11,862",1949,71.30%,2000,"16,627"
MAIN,"11,852",1950,93.80%,2629,"12,631"
TRIPLETT,"11,850",1951,68.00%,1890,"17,422"
REES,"11,849",1952,95.10%,2669,"12,456"
PICKERING,"11,846",1953,90.10%,2519,"13,154"
FARRAR,"11,840",1954,81.90%,2301,"14,451"
BOLIN,"11,839",1955,91.80%,2577,"12,895"
VICK,"11,831",1956,84.50%,2368,"14,009"
JOLLY,"11,829",1957,78.00%,2198,"15,166"
JAEGER,"11,829",1957,96.20%,2695,"12,298"
DARBY,"11,803",1959,66.10%,1850,"17,854"
DOWELL,"11,802",1960,77.50%,2192,"15,226"
PARISH,"11,788",1961,82.70%,2327,"14,250"
KELSEY,"11,779",1962,85.10%,2397,"13,849"
CARON,"11,779",1962,95.40%,2690,"12,343"
COBURN,"11,777",1964,87.10%,2454,"13,514"
FRANTZ,"11,773",1965,96.10%,2699,"12,252"
REICH,"11,766",1966,95.80%,2696,"12,283"
BEARDEN,"11,765",1967,90.10%,2543,"13,051"
WILLETT,"11,764",1968,92.60%,2613,"12,706"
KITCHEN,"11,756",1969,81.20%,2298,"14,478"
BOLLINGER,"11,755",1970,96.50%,2713,"12,180"
SATTERFIELD,"11,750",1971,85.00%,2405,"13,824"
GANN,"11,746",1972,93.50%,2645,"12,563"
RUDD,"11,737",1973,82.80%,2343,"14,167"
WINSLOW,"11,722",1974,85.50%,2422,"13,713"
DRUMMOND,"11,720",1975,68.80%,1937,"17,032"
CASPER,"11,717",1976,94.10%,2667,"12,458"
MARLOW,"11,706",1977,88.80%,2511,"13,185"
WAY,"11,688",1978,82.20%,2334,"14,222"
WHITMORE,"11,687",1979,77.20%,2202,"15,135"
DENNEY,"11,682",1980,94.70%,2692,"12,333"
SALISBURY,"11,681",1981,92.80%,2640,"12,581"
CLEVENGER,"11,675",1982,96.10%,2725,"12,146"
HOBSON,"11,673",1983,70.70%,2011,"16,517"
WAKEFIELD,"11,668",1984,83.00%,2360,"14,058"
DEVLIN,"11,663",1985,93.60%,2664,"12,460"
MCCLELLAND,"11,654",1986,85.60%,2435,"13,610"
NEWBERRY,"11,650",1987,88.00%,2501,"13,233"
BARONE,"11,649",1988,95.40%,2705,"12,208"
MARTINO,"11,648",1989,90.40%,2580,"12,889"
AMATO,"11,640",1990,93.80%,2676,"12,411"
HASKINS,"11,630",1991,70.70%,2022,"16,457"
WHIPPLE,"11,621",1992,86.80%,2471,"13,387"
CASTRO,"11,620",1993,8.70%,194,"133,254"
ORTIZ,"11,593",1994,5.40%,94,"214,683"
LEAVITT,"11,589",1995,94.80%,2702,"12,223"
ELY,"11,579",1996,89.90%,2583,"12,884"
ASHER,"11,576",1997,91.10%,2611,"12,710"
SPEAR,"11,573",1998,88.70%,2544,"13,049"
GIRARD,"11,570",1999,93.30%,2677,"12,407"
STOREY,"11,568",2000,86.00%,2461,"13,450"
